link,strikethrough_price,sold_price,property_type,address
/on/toronto-real-estate/82-bowie-ave/home/0J6Em7blBMxYXBeq/,"$1,239,000","$1,228,018",Detached,"82 Bowie Ave , Toronto - Briar Hill-Belgravia"
/on/toronto-real-estate/44-endean-ave/home/L5VXv3lKOnp7j2q8/,"$1,799,000","$1,975,000",Detached,"44 Endean Ave , Toronto - South Riverdale"
/on/toronto-real-estate/100-caroline-ave-s/home/DO1w3WqaWZly8Jg0/,"$999,999","$1,318,500",Semi-Detached,"100 Caroline Ave , Toronto - South Riverdale"
/on/scarborough-real-estate/195-phyllis-ave/home/MB5bO3xWe4p7kWVP/,"$939,000","$880,000",Detached,"195 Phyllis Ave , Scarborough - Cliffcrest"
/on/scarborough-real-estate/55-deanscroft-sq/home/02Zpj391kBM3DrK8/,"$875,000","$850,000",Semi-Detached,"55 Deanscroft Sq , Scarborough - West Hill"
/on/north-york-real-estate/228-owen-blvd/home/ZNkKJ3J0oneyd4V6/,"$3,888,000","$3,735,000",Detached,"228 Owen Blvd , North York - St. Andrew-Windfields"
/on/scarborough-real-estate/31-birkdale-rd/home/weQp5yOa85b3d0ZE/,"$749,800","$770,000",Semi-Detached,"31 Birkdale Rd , Scarborough - Bendale"
/on/scarborough-real-estate/72-fishleigh-dr/home/5VXv3lXol1x3j2q8/,"$1,449,000","$1,320,000",Detached,"72 Fishleigh Dr , Scarborough - Birchcliffe-Cliffside"
/on/toronto-real-estate/39-bushell-ave/home/zVwod7vl0M8Y5mGN/,"$1,189,000","$1,430,000",Freehold Townhouse,"39 Bushell Ave , Toronto - South Riverdale"
/on/north-york-real-estate/50-king-high-ave/home/5xLkv3VzgNe3DBNr/,"$1,255,000","$1,550,000",Detached,"50 King High Ave , North York - Clanton Park"
/on/north-york-real-estate/1215-5-everson-dr/home/510QqypgQDmYLGlV/,"$739,000","$720,000",Condo Townhouse,"1215 - 5 Everson Dr , North York - Willowdale East"
/on/toronto-real-estate/521-lansdowne-ave/home/2Zpj39EkQGk3DrK8/,"$1,000,000","$1,310,000",Detached,"521 Lansdowne Ave , Toronto - Dufferin Grove"
/on/toronto-real-estate/310-lee-ave/home/MB5bO3x0Vkg3kWVP/,"$1,699,000","$1,860,000",Detached,"310 Lee Ave , Toronto - The Beaches"
/on/toronto-real-estate/358-sammon-ave/home/r56k97wJAE8yKRjD/,"$1,058,888","$1,306,888",Semi-Detached,"358 Sammon Ave , Toronto - Danforth Village-East York"
/on/toronto-real-estate/9-o-connor-dr/home/L4KAX7NjLG47eRPJ/,"$949,900","$1,105,000",Detached,"9 O'connor Dr , Toronto - Broadview North"
/on/scarborough-real-estate/26-heale-ave/home/ZNkKJ3Jv5x63d4V6/,"$789,000","$875,000",Semi-Detached,"26 Heale Ave , Scarborough - Birchcliffe-Cliffside"
/on/scarborough-real-estate/31-lesterwood-cres/home/nbq6y10zDBDYo9DA/,"$800,000","$907,000",Detached,"31 LESTERWOOD Cres , Scarborough - Bendale"
/on/scarborough-real-estate/112-toynbee-tr/home/510QqypJkBa3LGlV/,"$1,269,900","$1,250,000",Detached,"112 Toynbee Tr , Scarborough - Guildwood"
/on/north-york-real-estate/19-hedgewood-rd/home/ZxwR7MwBNK9YKabB/,"$5,380,000","$4,600,000",Detached,"19 Hedgewood Rd , North York - Bridle Path-Sunnybrook-York Mills"
/on/scarborough-real-estate/43-magnolia-ave/home/a6zqW7dR4beY5eZE/,"$849,000","$1,065,000",Detached,"43 Magnolia Ave , Scarborough - Kennedy Park"
/on/scarborough-real-estate/43-magnolia-ave/home/a6zqW7dR4beY5eZE/,"$849,000","$1,065,000",Detached,"43 Magnolia Ave , Scarborough - Kennedy Park"
/on/toronto-real-estate/72-earlsdale-ave/home/b1DBW7RzDNx7qlAp/,"$649,900","$600,000",Semi-Detached,"72 Earlsdale Ave , Toronto - Oakwood Village"
/on/toronto-real-estate/83-scott-rd/home/10QqypNroJm3LGlV/,"$749,000","$730,000",Semi-Detached,"83 Scott Rd , Toronto - Keelesdale-Eglinton West"
/on/toronto-real-estate/27-glen-gannon-dr/home/1DBW7RDNV01YqlAp/,"$1,199,000","$1,160,000",Detached,"27 Glen Gannon Dr , Toronto - O'Connor-Parkview"
/on/scarborough-real-estate/151-courcelette-rd/home/BGMnKYqr2kQyw1Qr/,"$1,799,000","$1,790,000",Detached,"151 Courcelette Rd , Scarborough - Birchcliffe-Cliffside"
/on/scarborough-real-estate/54-flintridge-rd/home/MWBVyZ9L9l2YKemj/,"$988,000","$1,220,000",Detached,"54 Flintridge Rd , Scarborough - Dorset Park"
/on/toronto-real-estate/18-gillespie-ave/home/ZEXrx30Jd9ZyOklN/,"$1,099,000","$1,428,000",Semi-Detached,"18 Gillespie Ave , Toronto - Weston-Pellam Park"
/on/north-york-real-estate/149-avondale-ave/home/xmZRW7njlAo7EBO9/,"$999,880","$1,250,000",Detached,"149 Avondale Ave , North York - Willowdale East"
/on/toronto-real-estate/244-rosemount-ave/home/N0A9X3je2K7vgxVn/,"$1,298,000","$1,250,000",Semi-Detached,"244 Rosemount Ave , Toronto - Corso Italia-Davenport"
/on/toronto-real-estate/308-glenholme-ave-w/home/XRla7gxKqnR3jEvL/,"$1,249,999","$1,165,000",Semi-Detached,"308 Glenholme Ave W , Toronto - Oakwood Village"
/on/toronto-real-estate/61-fairview-ave/home/dXawjy4Nxv93rR18/,"$1,499,000","$1,675,000",Semi-Detached,"61 Fairview Ave , Toronto - High Park North"
/on/toronto-real-estate/228-westview-blvd/home/a6zqW7dQne35eZEL/,"$899,000","$960,000",Detached,"228 Westview Blvd , Toronto - O'Connor-Parkview"
/on/toronto-real-estate/100-runnymede-rd/home/jAXw7Qw1ReQYQOzg/,"$1,599,900","$1,530,000",Detached,"100 Runnymede Rd , Toronto - High Park-Swansea"
/on/scarborough-real-estate/34-northview-ave/home/jAXw7Qw1vpMYQOzg/,"$999,900","$950,000",Detached,"34 Northview Ave , Scarborough - Birchcliffe-Cliffside"
/on/scarborough-real-estate/22-furlong-crt/home/5xLkv3VVexe3DBNr/,"$884,000","$925,000",Detached,"22 Furlong Crt , Scarborough - Bendale"
/on/toronto-real-estate/11-100-coxwell-ave/home/DO1w3WqaNBny8Jg0/,"$1,025,000","$1,045,000",Condo Townhouse,"11 - 100 Coxwell Ave , Toronto - Greenwood-Coxwell"
/on/toronto-real-estate/42-innes-ave/home/wJKR7P8nan97XeLP/,"$999,999","$910,000",Detached,"42 Innes Ave , Toronto - Corso Italia-Davenport"
/on/toronto-real-estate/241-lansdowne-ave/home/damgL7Aqr8b7Z1MW/,"$2,795,000","$2,700,000",Detached,"241 Lansdowne Ave , Toronto - Little Portugal"
/on/toronto-real-estate/53-wilson-park-rd/home/6VLaGyGk9PGyW1ZD/,"$2,199,000","$2,463,000",Detached,"53 Wilson Park Rd , Toronto - South Parkdale"
/on/toronto-real-estate/12-51-florence-st/home/a6zqW7dV5ZgY5eZE/,"$699,000","$740,000",Condo Townhouse,"12 - 51 Florence St , Toronto - Little Portugal"
/on/scarborough-real-estate/43-magnolia-ave/home/a6zqW7dR4beY5eZE/,"$849,000","$1,065,000",Detached,"43 Magnolia Ave , Scarborough - Kennedy Park"
/on/toronto-real-estate/72-earlsdale-ave/home/b1DBW7RzDNx7qlAp/,"$649,900","$600,000",Semi-Detached,"72 Earlsdale Ave , Toronto - Oakwood Village"
/on/toronto-real-estate/83-scott-rd/home/10QqypNroJm3LGlV/,"$749,000","$730,000",Semi-Detached,"83 Scott Rd , Toronto - Keelesdale-Eglinton West"
/on/toronto-real-estate/27-glen-gannon-dr/home/1DBW7RDNV01YqlAp/,"$1,199,000","$1,160,000",Detached,"27 Glen Gannon Dr , Toronto - O'Connor-Parkview"
/on/scarborough-real-estate/151-courcelette-rd/home/BGMnKYqr2kQyw1Qr/,"$1,799,000","$1,790,000",Detached,"151 Courcelette Rd , Scarborough - Birchcliffe-Cliffside"
/on/scarborough-real-estate/54-flintridge-rd/home/MWBVyZ9L9l2YKemj/,"$988,000","$1,220,000",Detached,"54 Flintridge Rd , Scarborough - Dorset Park"
/on/toronto-real-estate/18-gillespie-ave/home/ZEXrx30Jd9ZyOklN/,"$1,099,000","$1,428,000",Semi-Detached,"18 Gillespie Ave , Toronto - Weston-Pellam Park"
/on/north-york-real-estate/149-avondale-ave/home/xmZRW7njlAo7EBO9/,"$999,880","$1,250,000",Detached,"149 Avondale Ave , North York - Willowdale East"
/on/toronto-real-estate/244-rosemount-ave/home/N0A9X3je2K7vgxVn/,"$1,298,000","$1,250,000",Semi-Detached,"244 Rosemount Ave , Toronto - Corso Italia-Davenport"
/on/toronto-real-estate/308-glenholme-ave-w/home/XRla7gxKqnR3jEvL/,"$1,249,999","$1,165,000",Semi-Detached,"308 Glenholme Ave W , Toronto - Oakwood Village"
/on/toronto-real-estate/61-fairview-ave/home/dXawjy4Nxv93rR18/,"$1,499,000","$1,675,000",Semi-Detached,"61 Fairview Ave , Toronto - High Park North"
/on/toronto-real-estate/228-westview-blvd/home/a6zqW7dQne35eZEL/,"$899,000","$960,000",Detached,"228 Westview Blvd , Toronto - O'Connor-Parkview"
/on/toronto-real-estate/100-runnymede-rd/home/jAXw7Qw1ReQYQOzg/,"$1,599,900","$1,530,000",Detached,"100 Runnymede Rd , Toronto - High Park-Swansea"
/on/scarborough-real-estate/34-northview-ave/home/jAXw7Qw1vpMYQOzg/,"$999,900","$950,000",Detached,"34 Northview Ave , Scarborough - Birchcliffe-Cliffside"
/on/scarborough-real-estate/22-furlong-crt/home/5xLkv3VVexe3DBNr/,"$884,000","$925,000",Detached,"22 Furlong Crt , Scarborough - Bendale"
/on/toronto-real-estate/11-100-coxwell-ave/home/DO1w3WqaNBny8Jg0/,"$1,025,000","$1,045,000",Condo Townhouse,"11 - 100 Coxwell Ave , Toronto - Greenwood-Coxwell"
/on/toronto-real-estate/42-innes-ave/home/wJKR7P8nan97XeLP/,"$999,999","$910,000",Detached,"42 Innes Ave , Toronto - Corso Italia-Davenport"
/on/toronto-real-estate/241-lansdowne-ave/home/damgL7Aqr8b7Z1MW/,"$2,795,000","$2,700,000",Detached,"241 Lansdowne Ave , Toronto - Little Portugal"
/on/toronto-real-estate/53-wilson-park-rd/home/6VLaGyGk9PGyW1ZD/,"$2,199,000","$2,463,000",Detached,"53 Wilson Park Rd , Toronto - South Parkdale"
/on/toronto-real-estate/12-51-florence-st/home/a6zqW7dV5ZgY5eZE/,"$699,000","$740,000",Condo Townhouse,"12 - 51 Florence St , Toronto - Little Portugal"
/on/toronto-real-estate/225-lauder-ave/home/amgL7A4lebLyZ1MW/,"$1,499,900","$1,685,000",Detached,"225 Lauder Ave , Toronto - Oakwood Village"
/on/north-york-real-estate/10-hirondelle-pl/home/5xLkv3VBDmn3DBNr/,"$1,788,800","$1,750,000",Detached,"10 Hirondelle Pl , North York - Parkwoods-Donalda"
/on/north-york-real-estate/154-ranee-ave/home/Xawjy41eO0N7rR18/,"$1,399,000","$1,475,000",Detached,"154 Ranee Ave , North York - Englemount-Lawrence"
/on/toronto-real-estate/235-bessborough-dr/home/510Qqypmnl17LGlV/,"$4,395,000","$4,295,000",Detached,"235 Bessborough Dr , Toronto - Leaside"
/on/toronto-real-estate/551-clinton-st/home/NAKv53DDlp53MnxB/,"$2,049,000","$2,005,000",Semi-Detached,"551 Clinton St , Toronto - Annex"
/on/toronto-real-estate/213-415-jarvis-st/home/XeEn7X6OvW0YrPo8/,"$614,900","$595,000",Condo Townhouse,"213 - 415 Jarvis St , Toronto - Cabbagetown-South St. James Town"
/on/toronto-real-estate/58-lytton-blvd/home/weQp5yOo9OQyd0ZE/,"$3,995,000","$3,867,000",Detached,"58 Lytton Blvd , Toronto - Lawrence Park South"
/on/scarborough-real-estate/83-eastwood-ave/home/5xLkv3Vm5ge7DBNr/,"$1,389,000","$1,511,250",Detached,"83 Eastwood Ave , Scarborough - Birchcliffe-Cliffside"
/on/toronto-real-estate/544-manning-avenue/home/xLkv3V9p5nz7DBNr/,"$1,250,000","$1,250,000",Semi-Detached,"544 Manning Ave , Toronto - Palmerston-Little Italy"
/on/toronto-real-estate/488-roselawn-ave/home/VaD6p78mlqw3wRQr/,"$2,050,000","$2,035,000",Detached,"488 Roselawn Ave , Toronto - Lawrence Park South"
/on/toronto-real-estate/1542-davenport-rd/home/0Zaw5YonJX43n961/,"$1,150,000","$1,100,000",Semi-Detached,"1542 Davenport Rd , Toronto - Corso Italia-Davenport"
/on/toronto-real-estate/117-glebemount-ave/home/LzQ1y5E95bjyqdeK/,"$1,100,000","$1,028,000",Semi-Detached,"117 Glebemount Ave , Toronto - Danforth"
/on/toronto-real-estate/414-jones-ave/home/02Zpj394aEq7DrK8/,"$1,120,000","$1,080,000",Semi-Detached,"414 Jones Ave , Toronto - Blake-Jones"
/on/toronto-real-estate/108-seaton-st/home/XeEn7X6rwOoYrPo8/,"$1,799,000","$1,725,000",Freehold Townhouse,"108 Seaton St , Toronto - Moss Park"
/on/north-york-real-estate/28-prue-ave/home/xmZRW7np1DdYEBO9/,"$2,899,000","$2,861,000",Detached,"28 Prue Ave , North York - Englemount-Lawrence"
/on/toronto-real-estate/5-369-albany-ave/home/B5bO3xXGXkp3kWVP/,"$989,000","$950,000",Condo Townhouse,"5 - 369 Albany Ave , Toronto - Casa Loma"
/on/scarborough-real-estate/86-dairy-dr/home/0ZxwR7MO28ZYKabB/,"$899,900","$877,250",Freehold Townhouse,"86 Dairy Dr , Scarborough - Clairlea-Birchmount"
/on/toronto-real-estate/1150-woodbine-ave/home/JjAXw7QXWeMyQOzg/,"$1,099,999","$925,000",Semi-Detached,"1150 WOODBINE Ave , Toronto - Danforth Village-East York"
/on/scarborough-real-estate/2948-kingston-rd/home/Vwod7vreGa875mGN/,"$1,600,000","$1,630,000",Detached,"2948 Kingston Rd , Scarborough - Cliffcrest"
/on/scarborough-real-estate/1785-kingston-rd/home/PXRla7gdaxP3jEvL/,"$1,188,000","$1,100,000",Detached,"1785 Kingston Rd , Scarborough - Birchcliffe-Cliffside"
/on/toronto-real-estate/225-lauder-ave/home/amgL7A4lebLyZ1MW/,"$1,499,900","$1,685,000",Detached,"225 Lauder Ave , Toronto - Oakwood Village"
/on/north-york-real-estate/10-hirondelle-pl/home/5xLkv3VBDmn3DBNr/,"$1,788,800","$1,750,000",Detached,"10 Hirondelle Pl , North York - Parkwoods-Donalda"
/on/north-york-real-estate/154-ranee-ave/home/Xawjy41eO0N7rR18/,"$1,399,000","$1,475,000",Detached,"154 Ranee Ave , North York - Englemount-Lawrence"
/on/toronto-real-estate/235-bessborough-dr/home/510Qqypmnl17LGlV/,"$4,395,000","$4,295,000",Detached,"235 Bessborough Dr , Toronto - Leaside"
/on/toronto-real-estate/551-clinton-st/home/NAKv53DDlp53MnxB/,"$2,049,000","$2,005,000",Semi-Detached,"551 Clinton St , Toronto - Annex"
/on/toronto-real-estate/213-415-jarvis-st/home/XeEn7X6OvW0YrPo8/,"$614,900","$595,000",Condo Townhouse,"213 - 415 Jarvis St , Toronto - Cabbagetown-South St. James Town"
/on/toronto-real-estate/58-lytton-blvd/home/weQp5yOo9OQyd0ZE/,"$3,995,000","$3,867,000",Detached,"58 Lytton Blvd , Toronto - Lawrence Park South"
/on/scarborough-real-estate/83-eastwood-ave/home/5xLkv3Vm5ge7DBNr/,"$1,389,000","$1,511,250",Detached,"83 Eastwood Ave , Scarborough - Birchcliffe-Cliffside"
/on/toronto-real-estate/544-manning-avenue/home/xLkv3V9p5nz7DBNr/,"$1,250,000","$1,250,000",Semi-Detached,"544 Manning Ave , Toronto - Palmerston-Little Italy"
/on/toronto-real-estate/488-roselawn-ave/home/VaD6p78mlqw3wRQr/,"$2,050,000","$2,035,000",Detached,"488 Roselawn Ave , Toronto - Lawrence Park South"
/on/toronto-real-estate/1542-davenport-rd/home/0Zaw5YonJX43n961/,"$1,150,000","$1,100,000",Semi-Detached,"1542 Davenport Rd , Toronto - Corso Italia-Davenport"
/on/toronto-real-estate/117-glebemount-ave/home/LzQ1y5E95bjyqdeK/,"$1,100,000","$1,028,000",Semi-Detached,"117 Glebemount Ave , Toronto - Danforth"
/on/toronto-real-estate/414-jones-ave/home/02Zpj394aEq7DrK8/,"$1,120,000","$1,080,000",Semi-Detached,"414 Jones Ave , Toronto - Blake-Jones"
/on/toronto-real-estate/108-seaton-st/home/XeEn7X6rwOoYrPo8/,"$1,799,000","$1,725,000",Freehold Townhouse,"108 Seaton St , Toronto - Moss Park"
/on/north-york-real-estate/28-prue-ave/home/xmZRW7np1DdYEBO9/,"$2,899,000","$2,861,000",Detached,"28 Prue Ave , North York - Englemount-Lawrence"
/on/toronto-real-estate/5-369-albany-ave/home/B5bO3xXGXkp3kWVP/,"$989,000","$950,000",Condo Townhouse,"5 - 369 Albany Ave , Toronto - Casa Loma"
/on/scarborough-real-estate/86-dairy-dr/home/0ZxwR7MO28ZYKabB/,"$899,900","$877,250",Freehold Townhouse,"86 Dairy Dr , Scarborough - Clairlea-Birchmount"
/on/toronto-real-estate/1150-woodbine-ave/home/JjAXw7QXWeMyQOzg/,"$1,099,999","$925,000",Semi-Detached,"1150 WOODBINE Ave , Toronto - Danforth Village-East York"
/on/scarborough-real-estate/2948-kingston-rd/home/Vwod7vreGa875mGN/,"$1,600,000","$1,630,000",Detached,"2948 Kingston Rd , Scarborough - Cliffcrest"
/on/scarborough-real-estate/1785-kingston-rd/home/PXRla7gdaxP3jEvL/,"$1,188,000","$1,100,000",Detached,"1785 Kingston Rd , Scarborough - Birchcliffe-Cliffside"
/on/toronto-real-estate/19-sibley-ave/home/VgAaOyL1Z9b7GxMb/,"$899,000","$870,000",Semi-Detached,"19 Sibley Ave , Toronto - Crescent Town"
/on/toronto-real-estate/302-richview-ave/home/weQp5yOaQ1b3d0ZE/,"$2,799,000","$2,600,000",Detached,"302 Richview Ave , Toronto - Forest Hill South"
/on/north-york-real-estate/81-brucewood-cres/home/10QqypN0kGa3LGlV/,"$1,949,000","$1,890,000",Detached,"81 Brucewood Cres , North York - Englemount-Lawrence"
/on/toronto-real-estate/773-markham-st/home/wJKR7P8dbKG7XeLP/,"$1,799,000","$1,770,000",Semi-Detached,"773 Markham St , Toronto - Annex"
/on/toronto-real-estate/2a-battenberg-ave/home/RdXze3e99Eg38m9K/,"$695,000","$680,000",Detached,"2A Battenberg Ave , Toronto - Woodbine Corridor"
/on/toronto-real-estate/194-clendenan-ave/home/0Zaw5Yo2awD3n961/,"$1,499,000","$1,735,000",Detached,"194 Clendenan Ave , Toronto - High Park North"
/on/toronto-real-estate/304-withrow-ave/home/weQp5yOaG8g3d0ZE/,"$1,199,000","$1,360,000",Detached,"304 Withrow Ave , Toronto - Blake-Jones"
/on/toronto-real-estate/33-beatrice-st/home/oK8OgYBlpXd7JmG2/,"$1,895,000","$2,000,000",Semi-Detached,"33 Beatrice St , Toronto - Trinity-Bellwoods"
/on/scarborough-real-estate/149-north-bonnington-ave/home/DnM697krdbWybmwe/,"$949,000","$850,000",Detached,"149 N Bonnington Ave , Scarborough - Clairlea-Birchmount"
/on/toronto-real-estate/76-muriel-ave/home/GMnKYqpN5Q13w1Qr/,"$969,000","$976,000",Detached,"76 Muriel Ave , Toronto - Danforth Village-East York"
/on/toronto-real-estate/43-golfview-ave/home/BXeEn7XReOoYrPo8/,"$979,999","$960,000",Detached,"43 Golfview Ave , Toronto - East End-Danforth"
/on/toronto-real-estate/20-howland-ave/home/PXRla7gowlg7jEvL/,"$2,399,000","$2,250,000",Semi-Detached,"20 Howland Ave , Toronto - Annex"
/on/toronto-real-estate/601-38-stadium-rd-s/home/gAaOyL8dozZyGxMb/,"$799,900","$777,500",Condo Townhouse,"601 - 38 Stadium Rd S , Toronto - Niagara"
/on/north-york-real-estate/48-greenland-rd/home/56k97wqXNzPYKRjD/,"$1,490,000","$1,460,000",Detached,"48 Greenland Rd , North York - Banbury-Don Mills"
/on/toronto-real-estate/23-eldon-ave/home/gAaOyL8dpoAyGxMb/,"$1,088,000","$960,000",Detached,"23 Eldon Ave , Toronto - Danforth Village-East York"
/on/toronto-real-estate/130-390-hopewell-ave/home/VgAaOyLqzvO7GxMb/,"$529,900","$520,000",Condo Townhouse,"130 - 390 Hopewell Ave , Toronto - Briar Hill-Belgravia"
/on/north-york-real-estate/10-bombay-ave/home/damgL7AVjrb3Z1MW/,"$1,968,800","$1,885,000",Detached,"10 Bombay Ave , North York - Lansing-Westgate"
/on/scarborough-real-estate/44-hart-ave/home/BGMnKYqLobB3w1Qr/,"$999,000","$1,000,000",Detached,"44 Hart Ave , Scarborough - Kennedy Park"
/on/toronto-real-estate/3-biggar-ave/home/L4KAX7NbdRz7eRPJ/,"$2,060,000","$1,925,000",Detached,"3 Biggar Ave , Toronto - Wychwood"
/on/toronto-real-estate/191-chambers-ave/home/owJKR7PAV913XeLP/,"$849,900","$850,000",Detached,"191 Chambers Ave , Toronto - Keelesdale-Eglinton West"
/on/toronto-real-estate/19-sibley-ave/home/VgAaOyL1Z9b7GxMb/,"$899,000","$870,000",Semi-Detached,"19 Sibley Ave , Toronto - Crescent Town"
/on/toronto-real-estate/302-richview-ave/home/weQp5yOaQ1b3d0ZE/,"$2,799,000","$2,600,000",Detached,"302 Richview Ave , Toronto - Forest Hill South"
/on/north-york-real-estate/81-brucewood-cres/home/10QqypN0kGa3LGlV/,"$1,949,000","$1,890,000",Detached,"81 Brucewood Cres , North York - Englemount-Lawrence"
/on/toronto-real-estate/773-markham-st/home/wJKR7P8dbKG7XeLP/,"$1,799,000","$1,770,000",Semi-Detached,"773 Markham St , Toronto - Annex"
/on/toronto-real-estate/2a-battenberg-ave/home/RdXze3e99Eg38m9K/,"$695,000","$680,000",Detached,"2A Battenberg Ave , Toronto - Woodbine Corridor"
/on/toronto-real-estate/194-clendenan-ave/home/0Zaw5Yo2awD3n961/,"$1,499,000","$1,735,000",Detached,"194 Clendenan Ave , Toronto - High Park North"
/on/toronto-real-estate/304-withrow-ave/home/weQp5yOaG8g3d0ZE/,"$1,199,000","$1,360,000",Detached,"304 Withrow Ave , Toronto - Blake-Jones"
/on/toronto-real-estate/33-beatrice-st/home/oK8OgYBlpXd7JmG2/,"$1,895,000","$2,000,000",Semi-Detached,"33 Beatrice St , Toronto - Trinity-Bellwoods"
/on/scarborough-real-estate/149-north-bonnington-ave/home/DnM697krdbWybmwe/,"$949,000","$850,000",Detached,"149 N Bonnington Ave , Scarborough - Clairlea-Birchmount"
/on/toronto-real-estate/76-muriel-ave/home/GMnKYqpN5Q13w1Qr/,"$969,000","$976,000",Detached,"76 Muriel Ave , Toronto - Danforth Village-East York"
/on/toronto-real-estate/43-golfview-ave/home/BXeEn7XReOoYrPo8/,"$979,999","$960,000",Detached,"43 Golfview Ave , Toronto - East End-Danforth"
/on/toronto-real-estate/20-howland-ave/home/PXRla7gowlg7jEvL/,"$2,399,000","$2,250,000",Semi-Detached,"20 Howland Ave , Toronto - Annex"
/on/toronto-real-estate/601-38-stadium-rd-s/home/gAaOyL8dozZyGxMb/,"$799,900","$777,500",Condo Townhouse,"601 - 38 Stadium Rd S , Toronto - Niagara"
/on/north-york-real-estate/48-greenland-rd/home/56k97wqXNzPYKRjD/,"$1,490,000","$1,460,000",Detached,"48 Greenland Rd , North York - Banbury-Don Mills"
/on/toronto-real-estate/23-eldon-ave/home/gAaOyL8dpoAyGxMb/,"$1,088,000","$960,000",Detached,"23 Eldon Ave , Toronto - Danforth Village-East York"
/on/toronto-real-estate/130-390-hopewell-ave/home/VgAaOyLqzvO7GxMb/,"$529,900","$520,000",Condo Townhouse,"130 - 390 Hopewell Ave , Toronto - Briar Hill-Belgravia"
/on/north-york-real-estate/10-bombay-ave/home/damgL7AVjrb3Z1MW/,"$1,968,800","$1,885,000",Detached,"10 Bombay Ave , North York - Lansing-Westgate"
/on/scarborough-real-estate/44-hart-ave/home/BGMnKYqLobB3w1Qr/,"$999,000","$1,000,000",Detached,"44 Hart Ave , Scarborough - Kennedy Park"
/on/toronto-real-estate/3-biggar-ave/home/L4KAX7NbdRz7eRPJ/,"$2,060,000","$1,925,000",Detached,"3 Biggar Ave , Toronto - Wychwood"
/on/toronto-real-estate/191-chambers-ave/home/owJKR7PAV913XeLP/,"$849,900","$850,000",Detached,"191 Chambers Ave , Toronto - Keelesdale-Eglinton West"
/on/toronto-real-estate/191-chambers-ave/home/owJKR7PAV913XeLP/,"$849,900","$850,000",Detached,"191 Chambers Ave , Toronto - Keelesdale-Eglinton West"
/on/toronto-real-estate/10-dearbourne-ave/home/510QqypGAmmYLGlV/,"$1,189,000","$1,380,000",Semi-Detached,"10 Dearbourne Ave , Toronto - North Riverdale"
/on/toronto-real-estate/82-roseneath-gdns/home/10QqypNr0a23LGlV/,"$999,000","$1,277,000",Semi-Detached,"82 Roseneath Gdns , Toronto - Oakwood Village"
/on/north-york-real-estate/130-broadlands-blvd/home/2Z5BX32114O7Dar0/,"$1,458,000","$1,435,000",Detached,"130 Broadlands Blvd , North York - Parkwoods-Donalda"
/on/toronto-real-estate/5-ripon-rd/home/BDO1w3W0mXnY8Jg0/,"$1,099,000","$1,100,000",Detached,"5 Ripon Rd , Toronto - O'Connor-Parkview"
/on/toronto-real-estate/38-poplar-plains-cres/home/N0A9X3jb0Ow3vgxV/,"$2,725,000","$2,425,000",Detached,"38 Poplar Plains Cres , Toronto - Annex"
/on/toronto-real-estate/458-donlands-ave/home/VaD6p78P9oA7wRQr/,"$899,900","$1,002,000",Detached,"458 Donlands Ave , Toronto - East York"
/on/north-york-real-estate/20-lower-links-rd/home/r56k97womPQ7KRjD/,"$3,750,000","$3,450,000",Detached,"20 Lower LInks Rd , North York - St. Andrew-Windfields"
/on/toronto-real-estate/107-strathnairn-ave/home/BGMnKYqdnBd3w1Qr/,"$899,000","$950,000",Detached,"107 Strathnairn Ave , Toronto - Beechborough-Greenbrook"
/on/north-york-real-estate/20-moccasin-tr/home/BXeEn7XDWxv7rPo8/,"$1,498,800","$1,461,000",Detached,"20 Moccasin Tr , North York - Banbury-Don Mills"
/on/scarborough-real-estate/106-fallingbrook-rd/home/EeVbOYE2mjGyx2P0/,"$2,899,900","$2,761,000",Detached,"106 Fallingbrook Rd , Scarborough - Birchcliffe-Cliffside"
/on/north-york-real-estate/37-bassano-rd/home/weQp5yON08bYd0ZE/,"$2,099,000","$2,129,000",Detached,"37 Bassano Rd , North York - Lansing-Westgate"
/on/toronto-real-estate/43-highfield-rd-e/home/nM697k58OVbYbmwe/,"$1,349,000","$1,625,000",Semi-Detached,"43 Highfield Rd , Toronto - Greenwood-Coxwell"
/on/scarborough-real-estate/94-91-muir-dr/home/aD6p781mdgw3wRQr/,"$619,000","$615,000",Condo Townhouse,"94 - 91 Muir Dr , Scarborough - Scarborough Village"
/on/toronto-real-estate/133-westminster-ave/home/GMnKYqpLNMj3w1Qr/,"$3,129,999","$2,910,000",Detached,"133 Westminster Ave , Toronto - High Park-Swansea"
/on/north-york-real-estate/1082-glencairn-ave/home/GMnKYqpbEAB3w1Qr/,"$1,249,000","$1,230,000",Detached,"1082 Glencairn Ave , North York - Yorkdale-Glen Park"
/on/north-york-real-estate/210-100-canon-jackson-dr/home/Xawjy41OgkW7rR18/,"$769,900","$735,000",Condo Townhouse,"210 - 100 Canon Jackson Dr , North York - Brookhaven-Amesbury"
/on/toronto-real-estate/45-beach-view-cres/home/DO1w3Wqak0jy8Jg0/,"$1,299,900","$1,430,000",Detached,"45 Beach View Cres , Toronto - East End-Danforth"
/on/scarborough-real-estate/32-graylee-ave/home/DO1w3Wqakxwy8Jg0/,"$799,000","$905,000",Detached,"32 Graylee Ave , Scarborough - Eglinton East"
/on/toronto-real-estate/101-evelyn-ave/home/XeEn7X6D6xEYrPo8/,"$1,499,990","$1,435,000",Detached,"101 Evelyn Ave , Toronto - High Park North"
/on/toronto-real-estate/1006-mount-pleasant-rd/home/xLkv3V9ad9R7DBNr/,"$999,000","$1,250,000",Semi-Detached,"1006 Mount Pleasant Rd , Toronto - Mount Pleasant West"
/on/toronto-real-estate/8-66-boultbee-ave/home/56k97wq5GNQYKRjD/,"$799,999","$1,110,000",Freehold Townhouse,"8 - 66 Boultbee Ave , Toronto - Blake-Jones"
/on/toronto-real-estate/103-kent-rd/home/DnM697kog8b7bmwe/,"$999,999","$1,261,500",Semi-Detached,"103 Kent Rd , Toronto - Greenwood-Coxwell"
/on/scarborough-real-estate/54-park-st/home/VaD6p788em07wRQr/,"$1,285,000","$1,265,000",Detached,"54 Park St , Scarborough - Birchcliffe-Cliffside"
/on/north-york-real-estate/2-garside-cres/home/DO1w3WqakKKy8Jg0/,"$999,000","$1,100,000",Detached,"2 Garside Cres , North York - Brookhaven-Amesbury"
/on/toronto-real-estate/239-christie-st/home/K8OgYBVeB1XYJmG2/,"$775,000","$736,000",Freehold Townhouse,"239 Christie St , Toronto - Annex"
/on/north-york-real-estate/19-wentworth-ave/home/5xLkv3V1VKx7DBNr/,"$1,998,000","$2,080,000",Detached,"19 Wentworth Ave , North York - Lansing-Westgate"
/on/toronto-real-estate/92-sumach-st/home/obqB176Nd9w7ZajD/,"$1,200,000","$1,567,000",Semi-Detached,"92 Sumach St , Toronto - Regent Park"
/on/toronto-real-estate/105-50-merchant-lane/home/MB5bO3xwZp7kWVPg/,"$808,800","$785,000",Condo Townhouse,"105 - 50 Merchant Lane , Toronto - Dufferin Grove"
/on/toronto-real-estate/333-glengarry-avenue/home/0A9X3jPr8bryvgxV/,"$1,450,000","$1,515,000",Detached,"333 GLENGARRY Ave , Toronto - Bedford Park-Nortown"
/on/toronto-real-estate/12-dorothy-bullen-pl/home/JRv53KDNpGoYVPW4/,"$1,099,000","$1,040,000",Freehold Townhouse,"12 Dorothy Bullen Pl , Toronto - Greenwood-Coxwell"
/on/toronto-real-estate/327-gilbert-ave/home/BDO1w3WOadV38Jg0/,"$899,000","$1,236,000",Detached,"327 Gilbert Ave , Toronto - Caledonia-Fairbank"
/on/scarborough-real-estate/141-dunington-dr/home/JjAXw7Q4DjdyQOzg/,"$1,699,000","$1,690,000",Detached,"141 Dunington Dr , Scarborough - Birchcliffe-Cliffside"
/on/north-york-real-estate/1235-glencairn-ave/home/jAXw7Qw10WpYQOzg/,"$679,000","$650,000",Detached,"1235 Glencairn Ave , North York - Yorkdale-Glen Park"
/on/toronto-real-estate/136-marchmount-rd/home/NkKJ3JdNQ6myd4V6/,"$1,299,900","$1,180,000",Semi-Detached,"136 Marchmount Rd , Toronto - Wychwood"
/on/toronto-real-estate/98-woburn-ave/home/owJKR7PXxp97XeLP/,"$2,749,000","$2,850,000",Detached,"98 Woburn Ave , Toronto - Lawrence Park North"
/on/toronto-real-estate/11-phin-ave/home/mLzQ1y5QGj9yqdeK/,"$1,049,000","$1,222,000",Semi-Detached,"11 Phin Ave , Toronto - Blake-Jones"
/on/toronto-real-estate/347-windermere-ave/home/mLzQ1y5ELEyqdeKV/,"$2,175,000","$2,100,000",Detached,"347 Windermere Ave , Toronto - High Park-Swansea"
/on/north-york-real-estate/271-park-home-ave/home/Vwod7vrerBJ75mGN/,"$1,499,000","$1,350,000",Detached,"271 Park Home Ave , North York - Willowdale West"
/on/toronto-real-estate/45-strader-ave/home/bqB176WDjRM3ZajD/,"$699,999","$665,000",Semi-Detached,"45 Strader Ave , Toronto - Oakwood Village"
/on/toronto-real-estate/1006-mount-pleasant-rd/home/xLkv3V9ad9R7DBNr/,"$999,000","$1,250,000",Semi-Detached,"1006 Mount Pleasant Rd , Toronto - Mount Pleasant West"
/on/toronto-real-estate/8-66-boultbee-ave/home/56k97wq5GNQYKRjD/,"$799,999","$1,110,000",Freehold Townhouse,"8 - 66 Boultbee Ave , Toronto - Blake-Jones"
/on/toronto-real-estate/103-kent-rd/home/DnM697kog8b7bmwe/,"$999,999","$1,261,500",Semi-Detached,"103 Kent Rd , Toronto - Greenwood-Coxwell"
/on/scarborough-real-estate/54-park-st/home/VaD6p788em07wRQr/,"$1,285,000","$1,265,000",Detached,"54 Park St , Scarborough - Birchcliffe-Cliffside"
/on/north-york-real-estate/2-garside-cres/home/DO1w3WqakKKy8Jg0/,"$999,000","$1,100,000",Detached,"2 Garside Cres , North York - Brookhaven-Amesbury"
/on/toronto-real-estate/239-christie-st/home/K8OgYBVeB1XYJmG2/,"$775,000","$736,000",Freehold Townhouse,"239 Christie St , Toronto - Annex"
/on/north-york-real-estate/19-wentworth-ave/home/5xLkv3V1VKx7DBNr/,"$1,998,000","$2,080,000",Detached,"19 Wentworth Ave , North York - Lansing-Westgate"
/on/toronto-real-estate/92-sumach-st/home/obqB176Nd9w7ZajD/,"$1,200,000","$1,567,000",Semi-Detached,"92 Sumach St , Toronto - Regent Park"
/on/toronto-real-estate/105-50-merchant-lane/home/MB5bO3xwZp7kWVPg/,"$808,800","$785,000",Condo Townhouse,"105 - 50 Merchant Lane , Toronto - Dufferin Grove"
/on/toronto-real-estate/333-glengarry-avenue/home/0A9X3jPr8bryvgxV/,"$1,450,000","$1,515,000",Detached,"333 GLENGARRY Ave , Toronto - Bedford Park-Nortown"
/on/toronto-real-estate/12-dorothy-bullen-pl/home/JRv53KDNpGoYVPW4/,"$1,099,000","$1,040,000",Freehold Townhouse,"12 Dorothy Bullen Pl , Toronto - Greenwood-Coxwell"
/on/toronto-real-estate/327-gilbert-ave/home/BDO1w3WOadV38Jg0/,"$899,000","$1,236,000",Detached,"327 Gilbert Ave , Toronto - Caledonia-Fairbank"
/on/scarborough-real-estate/141-dunington-dr/home/JjAXw7Q4DjdyQOzg/,"$1,699,000","$1,690,000",Detached,"141 Dunington Dr , Scarborough - Birchcliffe-Cliffside"
/on/north-york-real-estate/1235-glencairn-ave/home/jAXw7Qw10WpYQOzg/,"$679,000","$650,000",Detached,"1235 Glencairn Ave , North York - Yorkdale-Glen Park"
/on/toronto-real-estate/136-marchmount-rd/home/NkKJ3JdNQ6myd4V6/,"$1,299,900","$1,180,000",Semi-Detached,"136 Marchmount Rd , Toronto - Wychwood"
/on/toronto-real-estate/98-woburn-ave/home/owJKR7PXxp97XeLP/,"$2,749,000","$2,850,000",Detached,"98 Woburn Ave , Toronto - Lawrence Park North"
/on/toronto-real-estate/11-phin-ave/home/mLzQ1y5QGj9yqdeK/,"$1,049,000","$1,222,000",Semi-Detached,"11 Phin Ave , Toronto - Blake-Jones"
/on/toronto-real-estate/347-windermere-ave/home/mLzQ1y5ELEyqdeKV/,"$2,175,000","$2,100,000",Detached,"347 Windermere Ave , Toronto - High Park-Swansea"
/on/north-york-real-estate/271-park-home-ave/home/Vwod7vrerBJ75mGN/,"$1,499,000","$1,350,000",Detached,"271 Park Home Ave , North York - Willowdale West"
/on/toronto-real-estate/45-strader-ave/home/bqB176WDjRM3ZajD/,"$699,999","$665,000",Semi-Detached,"45 Strader Ave , Toronto - Oakwood Village"
/on/north-york-real-estate/38-elvaston-dr/home/5VXv3lXeLMN3j2q8/,"$1,048,000","$1,100,000",Detached,"38 Elvaston Dr , North York - Victoria Village"
/on/toronto-real-estate/695-richmond-st-w/home/9w8o3m5pk423GKjm/,"$3,995,000","$3,850,000",Detached,"695 Richmond St W , Toronto - Niagara"
/on/toronto-real-estate/49-weybourne-cres/home/damgL7AAnl7Z1MW2/,"$5,595,000","$5,325,000",Detached,"49 Weybourne Cres , Toronto - Lawrence Park South"
/on/north-york-real-estate/195-banbury-rd/home/J6Em7bna5ox7XBeq/,"$2,659,000","$2,550,000",Detached,"195 Banbury Rd , North York - Banbury-Don Mills"
/on/toronto-real-estate/103-dunn-ave/home/xLkv3V9X2mZ7DBNr/,"$2,499,000","$2,300,000",Detached,"103 Dunn Ave , Toronto - South Parkdale"
/on/toronto-real-estate/90-sutherland-dr/home/BGMnKYqlA1B3w1Qr/,"$2,195,000","$2,302,000",Detached,"90 Sutherland Dr , Toronto - Leaside"
/on/scarborough-real-estate/545-mccowan-rd/home/amgL7A48VaEyZ1MW/,"$1,059,000","$1,025,000",Detached,"545 Mccowan Rd , Scarborough - Bendale"
/on/toronto-real-estate/26-winona-dr/home/x9w8o3mm423GKjm0/,"$1,429,000","$1,418,036",Semi-Detached,"26 Winona Dr , Toronto - Wychwood"
/on/toronto-real-estate/23-bowmore-rd/home/nM697k54owgYbmwe/,"$875,000","$855,000",Semi-Detached,"23 Bowmore Rd , Toronto - Woodbine Corridor"
/on/toronto-real-estate/84-belgravia-ave/home/ZxwR7MwlmxzYKabB/,"$999,000","$960,000",Detached,"84 Belgravia Ave , Toronto - Briar Hill-Belgravia"
/on/scarborough-real-estate/20-perivale-cres/home/B5bO3xXG81V3kWVP/,"$979,000","$1,054,000",Detached,"20 Perivale Cres , Scarborough - Bendale"
/on/north-york-real-estate/3-masters-rd/home/MB5bO3xWBdW7kWVP/,"$5,888,000","$5,373,000",Detached,"3 Masters Rd , North York - St. Andrew-Windfields"
/on/toronto-real-estate/18-perth-ave/home/6VLaGyGJPGaYW1ZD/,"$1,449,000","$1,340,000",Freehold Townhouse,"18 Perth Ave , Toronto - Dufferin Grove"
/on/toronto-real-estate/73-pendrith-st/home/dXze3eKaw2gy8m9K/,"$1,398,000","$1,390,000",Semi-Detached,"73 Pendrith St , Toronto - Dovercourt-Wallace Emerson-Junction"
/on/toronto-real-estate/216-wallace-ave/home/wJKR7P81dmG7XeLP/,"$999,999","$1,400,000",Detached,"216 Wallace Ave , Toronto - Dovercourt-Wallace Emerson-Junction"
/on/toronto-real-estate/161-parkhurst-blvd/home/1DBW7RDBR9kYqlAp/,"$1,546,499","$1,701,000",Detached,"161 Parkhurst Blvd , Toronto - Leaside"
/on/toronto-real-estate/9-herbert-ave/home/NAKv53D8qXW3MnxB/,"$1,650,000","$1,570,000",Detached,"9 Herbert Ave , Toronto - The Beaches"
/on/north-york-real-estate/1-shadwell-pl/home/Z5BX32zwmvX3Dar0/,"$1,698,800","$1,700,000",Detached,"1 Shadwell Pl , North York - Banbury-Don Mills"
/on/toronto-real-estate/148-glencairn-ave/home/N0A9X3j1DzK7vgxV/,"$6,499,000","$6,350,000",Detached,"148 Glencairn Ave , Toronto - Lawrence Park South"
/on/toronto-real-estate/262-havelock-st/home/Xawjy41w6zN7rR18/,"$1,399,900","$1,340,000",Semi-Detached,"262 Havelock St , Toronto - Dufferin Grove"
/on/north-york-real-estate/38-elvaston-dr/home/5VXv3lXeLMN3j2q8/,"$1,048,000","$1,100,000",Detached,"38 Elvaston Dr , North York - Victoria Village"
/on/toronto-real-estate/695-richmond-st-w/home/9w8o3m5pk423GKjm/,"$3,995,000","$3,850,000",Detached,"695 Richmond St W , Toronto - Niagara"
/on/toronto-real-estate/49-weybourne-cres/home/damgL7AAnl7Z1MW2/,"$5,595,000","$5,325,000",Detached,"49 Weybourne Cres , Toronto - Lawrence Park South"
/on/north-york-real-estate/195-banbury-rd/home/J6Em7bna5ox7XBeq/,"$2,659,000","$2,550,000",Detached,"195 Banbury Rd , North York - Banbury-Don Mills"
/on/toronto-real-estate/103-dunn-ave/home/xLkv3V9X2mZ7DBNr/,"$2,499,000","$2,300,000",Detached,"103 Dunn Ave , Toronto - South Parkdale"
/on/toronto-real-estate/90-sutherland-dr/home/BGMnKYqlA1B3w1Qr/,"$2,195,000","$2,302,000",Detached,"90 Sutherland Dr , Toronto - Leaside"
/on/scarborough-real-estate/545-mccowan-rd/home/amgL7A48VaEyZ1MW/,"$1,059,000","$1,025,000",Detached,"545 Mccowan Rd , Scarborough - Bendale"
/on/toronto-real-estate/26-winona-dr/home/x9w8o3mm423GKjm0/,"$1,429,000","$1,418,036",Semi-Detached,"26 Winona Dr , Toronto - Wychwood"
/on/toronto-real-estate/23-bowmore-rd/home/nM697k54owgYbmwe/,"$875,000","$855,000",Semi-Detached,"23 Bowmore Rd , Toronto - Woodbine Corridor"
/on/toronto-real-estate/84-belgravia-ave/home/ZxwR7MwlmxzYKabB/,"$999,000","$960,000",Detached,"84 Belgravia Ave , Toronto - Briar Hill-Belgravia"
/on/scarborough-real-estate/20-perivale-cres/home/B5bO3xXG81V3kWVP/,"$979,000","$1,054,000",Detached,"20 Perivale Cres , Scarborough - Bendale"
/on/north-york-real-estate/3-masters-rd/home/MB5bO3xWBdW7kWVP/,"$5,888,000","$5,373,000",Detached,"3 Masters Rd , North York - St. Andrew-Windfields"
/on/toronto-real-estate/18-perth-ave/home/6VLaGyGJPGaYW1ZD/,"$1,449,000","$1,340,000",Freehold Townhouse,"18 Perth Ave , Toronto - Dufferin Grove"
/on/toronto-real-estate/73-pendrith-st/home/dXze3eKaw2gy8m9K/,"$1,398,000","$1,390,000",Semi-Detached,"73 Pendrith St , Toronto - Dovercourt-Wallace Emerson-Junction"
/on/toronto-real-estate/216-wallace-ave/home/wJKR7P81dmG7XeLP/,"$999,999","$1,400,000",Detached,"216 Wallace Ave , Toronto - Dovercourt-Wallace Emerson-Junction"
/on/toronto-real-estate/161-parkhurst-blvd/home/1DBW7RDBR9kYqlAp/,"$1,546,499","$1,701,000",Detached,"161 Parkhurst Blvd , Toronto - Leaside"
/on/toronto-real-estate/9-herbert-ave/home/NAKv53D8qXW3MnxB/,"$1,650,000","$1,570,000",Detached,"9 Herbert Ave , Toronto - The Beaches"
/on/north-york-real-estate/1-shadwell-pl/home/Z5BX32zwmvX3Dar0/,"$1,698,800","$1,700,000",Detached,"1 Shadwell Pl , North York - Banbury-Don Mills"
/on/toronto-real-estate/148-glencairn-ave/home/N0A9X3j1DzK7vgxV/,"$6,499,000","$6,350,000",Detached,"148 Glencairn Ave , Toronto - Lawrence Park South"
/on/toronto-real-estate/262-havelock-st/home/Xawjy41w6zN7rR18/,"$1,399,900","$1,340,000",Semi-Detached,"262 Havelock St , Toronto - Dufferin Grove"
/on/toronto-real-estate/661-o-connor-dr/home/eQp5yO8Jx6G7d0ZE/,"$1,200,000","$1,212,000",Detached,"661 O'Connor Dr , Toronto - East York"
/on/north-york-real-estate/6-gwendolen-cres/home/gAaOyL8NRWKyGxMb/,"$1,750,000","$1,780,000",Detached,"6 Gwendolen Cres , North York - Lansing-Westgate"
/on/toronto-real-estate/106-roslin-ave/home/LzQ1y5Eolg9yqdeK/,"$1,495,000","$1,618,000",Detached,"106 Roslin Ave , Toronto - Lawrence Park North"
/on/toronto-real-estate/222-woburn-ave/home/GMnKYqpNxKb3w1Qr/,"$1,548,000","$1,548,000",Detached,"222 Woburn Ave , Toronto - Lawrence Park North"
/on/toronto-real-estate/85-aileen-ave/home/gAaOyL8DKJeyGxMb/,"$599,000","$721,000",Detached,"85 Aileen Ave , Toronto - Keelesdale-Eglinton West"
/on/scarborough-real-estate/112-laurel-ave/home/DnM697kKjAO7bmwe/,"$829,900","$941,000",Semi-Detached,"112 Laurel Ave , Scarborough - Kennedy Park"
/on/toronto-real-estate/187-gamble-ave-e/home/obqB1768KXvYZajD/,"$1,198,000","$1,198,000",Detached,"187 Gamble Ave , Toronto - East York"
/on/toronto-real-estate/72-curzon-st-w/home/aD6p781eRlk3wRQr/,"$1,748,000","$1,694,000",Detached,"72 Curzon St W , Toronto - South Riverdale"
/on/toronto-real-estate/30-perth-ave/home/XRla7gxeB093jEvL/,"$1,299,000","$1,475,000",Freehold Townhouse,"30 Perth Ave , Toronto - Dufferin Grove"
/on/toronto-real-estate/387-melrose-ave/home/K8OgYBVeaa0YJmG2/,"$1,750,000","$1,650,000",Detached,"387 Melrose Ave , Toronto - Bedford Park-Nortown"
/on/scarborough-real-estate/1508-pharmacy-ave/home/BGMnKYqLJX53w1Qr/,"$1,069,000","$1,035,000",Detached,"1508 Pharmacy Ave , Scarborough - Wexford-Maryvale"
/on/toronto-real-estate/2-hannaford-st/home/owJKR7P6JOYXeLPm/,"$849,000","$970,000",Freehold Townhouse,"2 Hannaford St , Toronto - The Beaches"
/on/scarborough-real-estate/37-elmview-dr/home/NAKv53D9RxJYMnxB/,"$2,759,000","$2,620,000",Detached,"37 Elmview Dr , Scarborough - Birchcliffe-Cliffside"
/on/toronto-real-estate/31-oak-st/home/0ZxwR7Mqqvz7KabB/,"$610,000","$607,777",Condo Townhouse,"31 Oak St , Toronto - Regent Park"
/on/toronto-real-estate/151-harrison-st/home/Xawjy41wBPw7rR18/,"$2,299,000","$2,250,000",Semi-Detached,"151 Harrison St , Toronto - Trinity-Bellwoods"
/on/toronto-real-estate/232-browning-ave/home/XeEn7X6ramGYrPo8/,"$1,400,000","$1,300,000",Detached,"232 Browning Ave , Toronto - Broadview North"
/on/toronto-real-estate/380-vaughan-rd/home/b1DBW7R20O17qlAp/,"$1,239,000","$1,180,000",Semi-Detached,"380 Vaughan Rd , Toronto - Humewood-Cedarvale"
/on/toronto-real-estate/8-32-curzon-st/home/L4KAX7N4xXVYeRPJ/,"$879,000","$845,000",Condo Townhouse,"8 - 32 Curzon St , Toronto - South Riverdale"
/on/toronto-real-estate/23-cavell-ave/home/DnM697kaMAbYbmwe/,"$2,850,000","$2,761,250",Detached,"23 Cavell Ave , Toronto - North Riverdale"
/on/scarborough-real-estate/10-wynnview-crt/home/JjAXw7Q459pyQOzg/,"$1,749,000","$1,650,000",Detached,"10 Wynnview Crt , Scarborough - Birchcliffe-Cliffside"
/on/north-york-real-estate/156-3-everson-dr/home/2Z5BX32dQvbyDar0/,"$518,000","$512,500",Condo Townhouse,"156 - 3 Everson Dr , North York - Willowdale East"
/on/toronto-real-estate/58-rowntree-ave/home/02Zpj39n8dYDrK8G/,"$679,000","$850,000",Semi-Detached,"58 Rowntree Ave , Toronto - Weston-Pellam Park"
/on/toronto-real-estate/147-cameron-ave/home/eVbOYEp0pZB3x2P0/,"$799,000","$830,000",Detached,"147 Cameron Ave , Toronto - Keelesdale-Eglinton West"
/on/scarborough-real-estate/10-wynnview-crt/home/JjAXw7Q459pyQOzg/,"$1,749,000","$1,650,000",Detached,"10 Wynnview Crt , Scarborough - Birchcliffe-Cliffside"
/on/toronto-real-estate/23-cavell-ave/home/DnM697kaMAbYbmwe/,"$2,850,000","$2,761,250",Detached,"23 Cavell Ave , Toronto - North Riverdale"
/on/toronto-real-estate/428-castlefield-ave/home/EeVbOYEGGD7x2P0z/,"$1,888,000","$1,830,000",Detached,"428 Castlefield Ave , Toronto - Lawrence Park South"
/on/north-york-real-estate/20-convent-crt/home/XRla7gxeBB53jEvL/,"$1,788,000","$1,615,000",Detached,"20 Convent Crt , North York - Yorkdale-Glen Park"
/on/scarborough-real-estate/464-scarborough-golf-clu-rd/home/4KAX7NO8jpo3eRPJ/,"$1,065,000","$1,001,000",Detached,"464 Scarborough Golf Club Rd , Scarborough - Woburn"
/on/toronto-real-estate/137-benson-ave/home/0J6Em7blOABYXBeq/,"$1,150,000","$1,095,000",Detached,"137 Benson Ave , Toronto - Wychwood"
/on/toronto-real-estate/128-marchmount-rd/home/DO1w3WqrK0ly8Jg0/,"$1,249,999","$1,140,000",Semi-Detached,"128 Marchmount Rd , Toronto - Wychwood"
/on/toronto-real-estate/2-1390-bloor-st-w/home/zVwod7vqOJ8y5mGN/,"$699,000","$880,000",Condo Townhouse,"2 - 1390 Bloor St W , Toronto - Dovercourt-Wallace Emerson-Junction"
/on/toronto-real-estate/160-howland-ave/home/EeVbOYE9OBdYx2P0/,"$2,999,999","$3,100,000",Detached,"160 Howland Ave , Toronto - Annex"
/on/north-york-real-estate/122-burndale-ave/home/Vwod7vrXVaj75mGN/,"$1,699,000","$1,609,000",Detached,"122 Burndale Ave , North York - Lansing-Westgate"
/on/toronto-real-estate/94-kenneth-ave/home/Vwod7vrQ0Rr75mGN/,"$1,330,000","$1,280,000",Semi-Detached,"94 Kenneth Ave , Toronto - High Park North"
/on/scarborough-real-estate/10-granger-ave-e/home/obqB176m6VwyZajD/,"$749,000","$787,000",Semi-Detached,"10 Granger Ave E , Scarborough - Kennedy Park"
/on/toronto-real-estate/225-erskine-ave/home/dXawjy41aMq7rR18/,"$1,199,000","$1,301,111",Semi-Detached,"225 Erskine Ave , Toronto - Mount Pleasant East"
/on/toronto-real-estate/504-mortimer-ave/home/BXeEn7XnVMgYrPo8/,"$2,399,999","$2,300,000",Detached,"504 Mortimer Ave , Toronto - Danforth Village-East York"
/on/toronto-real-estate/106-gledhill-ave/home/RdXze3e15ep38m9K/,"$949,000","$1,008,000",Semi-Detached,"106 Gledhill Ave , Toronto - Woodbine-Lumsden"
/on/toronto-real-estate/246-niagara-st/home/XeEn7X6OJGMYrPo8/,"$949,988","$925,000",Freehold Townhouse,"246 Niagara St , Toronto - Niagara"
/on/scarborough-real-estate/141-eastwood-ave/home/knbq6y1QBjyo9DAe/,"$799,900","$925,000",Detached,"141 Eastwood Ave , Scarborough - Birchcliffe-Cliffside"
/on/north-york-real-estate/156-3-everson-dr/home/2Z5BX32dQvbyDar0/,"$518,000","$512,500",Condo Townhouse,"156 - 3 Everson Dr , North York - Willowdale East"
/on/toronto-real-estate/58-rowntree-ave/home/02Zpj39n8dYDrK8G/,"$679,000","$850,000",Semi-Detached,"58 Rowntree Ave , Toronto - Weston-Pellam Park"
/on/toronto-real-estate/147-cameron-ave/home/eVbOYEp0pZB3x2P0/,"$799,000","$830,000",Detached,"147 Cameron Ave , Toronto - Keelesdale-Eglinton West"
/on/scarborough-real-estate/10-wynnview-crt/home/JjAXw7Q459pyQOzg/,"$1,749,000","$1,650,000",Detached,"10 Wynnview Crt , Scarborough - Birchcliffe-Cliffside"
/on/toronto-real-estate/23-cavell-ave/home/DnM697kaMAbYbmwe/,"$2,850,000","$2,761,250",Detached,"23 Cavell Ave , Toronto - North Riverdale"
/on/toronto-real-estate/428-castlefield-ave/home/EeVbOYEGGD7x2P0z/,"$1,888,000","$1,830,000",Detached,"428 Castlefield Ave , Toronto - Lawrence Park South"
/on/north-york-real-estate/20-convent-crt/home/XRla7gxeBB53jEvL/,"$1,788,000","$1,615,000",Detached,"20 Convent Crt , North York - Yorkdale-Glen Park"
/on/scarborough-real-estate/464-scarborough-golf-clu-rd/home/4KAX7NO8jpo3eRPJ/,"$1,065,000","$1,001,000",Detached,"464 Scarborough Golf Club Rd , Scarborough - Woburn"
/on/toronto-real-estate/137-benson-ave/home/0J6Em7blOABYXBeq/,"$1,150,000","$1,095,000",Detached,"137 Benson Ave , Toronto - Wychwood"
/on/toronto-real-estate/128-marchmount-rd/home/DO1w3WqrK0ly8Jg0/,"$1,249,999","$1,140,000",Semi-Detached,"128 Marchmount Rd , Toronto - Wychwood"
/on/toronto-real-estate/2-1390-bloor-st-w/home/zVwod7vqOJ8y5mGN/,"$699,000","$880,000",Condo Townhouse,"2 - 1390 Bloor St W , Toronto - Dovercourt-Wallace Emerson-Junction"
/on/toronto-real-estate/160-howland-ave/home/EeVbOYE9OBdYx2P0/,"$2,999,999","$3,100,000",Detached,"160 Howland Ave , Toronto - Annex"
/on/north-york-real-estate/122-burndale-ave/home/Vwod7vrXVaj75mGN/,"$1,699,000","$1,609,000",Detached,"122 Burndale Ave , North York - Lansing-Westgate"
/on/toronto-real-estate/94-kenneth-ave/home/Vwod7vrQ0Rr75mGN/,"$1,330,000","$1,280,000",Semi-Detached,"94 Kenneth Ave , Toronto - High Park North"
/on/scarborough-real-estate/10-granger-ave-e/home/obqB176m6VwyZajD/,"$749,000","$787,000",Semi-Detached,"10 Granger Ave E , Scarborough - Kennedy Park"
/on/toronto-real-estate/225-erskine-ave/home/dXawjy41aMq7rR18/,"$1,199,000","$1,301,111",Semi-Detached,"225 Erskine Ave , Toronto - Mount Pleasant East"
/on/toronto-real-estate/504-mortimer-ave/home/BXeEn7XnVMgYrPo8/,"$2,399,999","$2,300,000",Detached,"504 Mortimer Ave , Toronto - Danforth Village-East York"
/on/toronto-real-estate/106-gledhill-ave/home/RdXze3e15ep38m9K/,"$949,000","$1,008,000",Semi-Detached,"106 Gledhill Ave , Toronto - Woodbine-Lumsden"
/on/toronto-real-estate/246-niagara-st/home/XeEn7X6OJGMYrPo8/,"$949,988","$925,000",Freehold Townhouse,"246 Niagara St , Toronto - Niagara"
/on/scarborough-real-estate/141-eastwood-ave/home/knbq6y1QBjyo9DAe/,"$799,900","$925,000",Detached,"141 Eastwood Ave , Scarborough - Birchcliffe-Cliffside"
/on/toronto-real-estate/225-erskine-ave/home/dXawjy41aMq7rR18/,"$1,199,000","$1,301,111",Semi-Detached,"225 Erskine Ave , Toronto - Mount Pleasant East"
/on/toronto-real-estate/408-milverton-blvd-n/home/6zqW7dGAdagy5eZE/,"$1,298,000","$1,250,000",Semi-Detached,"408 Milverton Blvd , Toronto - Danforth"
/on/toronto-real-estate/176-castlefield-ave/home/MB5bO3xqWlVYkWVP/,"$1,719,000","$1,700,000",Semi-Detached,"176 Castlefield Ave , Toronto - Yonge-Eglinton"
/on/scarborough-real-estate/45-331-trudelle-st/home/damgL7ADKwnyZ1MW/,"$829,900","$790,000",Condo Townhouse,"45 - 331 Trudelle St , Scarborough - Eglinton East"
/on/north-york-real-estate/81-721-lawrence-ave-w/home/XeEn7X6r5aGYrPo8/,"$460,000","$460,000",Condo Townhouse,"81 - 721 Lawrence Ave W , North York - Yorkdale-Glen Park"
/on/toronto-real-estate/198-lawlor-ave/home/NAKv53D29QwyMnxB/,"$1,324,900","$1,260,000",Semi-Detached,"198 Lawlor Ave , Toronto - East End-Danforth"
/on/toronto-real-estate/23-geoffrey-st/home/BXeEn7XOnOEyrPo8/,"$1,798,000","$1,930,000",Semi-Detached,"23 Geoffrey St , Toronto - Roncesvalles"
/on/toronto-real-estate/168-pinewood-ave/home/aD6p781k1wn3wRQr/,"$1,529,000","$1,678,000",Detached,"168 Pinewood Ave , Toronto - Humewood-Cedarvale"
/on/toronto-real-estate/58-saguenay-ave/home/weQp5yOwn2wyd0ZE/,"$1,599,000","$1,500,000",Detached,"58 Saguenay Ave , Toronto - Bedford Park-Nortown"
/on/north-york-real-estate/16-blairville-rd/home/owJKR7PoMzXyXeLP/,"$1,449,900","$1,420,000",Link,"16 Blairville Rd , North York - Bathurst Manor"
/on/north-york-real-estate/36-ruden-cres/home/EXrx30X8rrN3OklN/,"$1,900,000","$1,900,000",Detached,"36 Ruden Cres , North York - Parkwoods-Donalda"
/on/toronto-real-estate/97-durie-st/home/Xawjy41eNam7rR18/,"$949,000","$1,281,000",Detached,"97 Durie St , Toronto - High Park-Swansea"
/on/scarborough-real-estate/34-oakley-blvd/home/wJKR7P8nWrD7XeLP/,"$1,088,888","$1,010,000",Detached,"34 Oakley Blvd , Scarborough - Bendale"
/on/toronto-real-estate/94-kersdale-ave/home/9w8o3m5J4JZ3GKjm/,"$648,800","$680,000",Detached,"94 Kersdale Ave , Toronto - Keelesdale-Eglinton West"
/on/toronto-real-estate/31-antler-st/home/VaD6p78vAlnYwRQr/,"$1,099,900","$1,160,000",Semi-Detached,"31 Antler St , Toronto - Dovercourt-Wallace Emerson-Junction"
/on/toronto-real-estate/106-262-st-helens-ave/home/obqB176wVjK3ZajD/,"$799,900","$860,000",Condo Townhouse,"106 - 262 St Helens Ave , Toronto - Dufferin Grove"
/on/toronto-real-estate/9-berkshire-ave/home/weQp5yOjJPBYd0ZE/,"$799,000","$875,000",Semi-Detached,"9 Berkshire Ave , Toronto - South Riverdale"
/on/north-york-real-estate/256-johnston-ave/home/BXeEn7X2grDYrPo8/,"$1,550,000","$1,770,001",Detached,"256 Johnston Ave , North York - Lansing-Westgate"
/on/toronto-real-estate/80-curzon-st/home/jAXw7Qw1nX1YQOzg/,"$988,000","$925,000",Semi-Detached,"80 Curzon St , Toronto - South Riverdale"
/on/toronto-real-estate/85-deloraine-ave/home/10QqypNr5l83LGlV/,"$2,295,000","$2,400,000",Detached,"85 Deloraine Ave , Toronto - Lawrence Park North"
/on/scarborough-real-estate/956-danforth-rd/home/jJKdOYrGnWBy54lW/,"$999,900","$1,057,000",Detached,"956 Danforth Rd , Scarborough - Kennedy Park"
/on/scarborough-real-estate/7-wortham-dr/home/b1DBW7RlDpQYqlAp/,"$1,149,000","$1,205,000",Detached,"7 Wortham Dr , Scarborough - Woburn"
/on/toronto-real-estate/17-maughan-cres/home/RdXze3eKnVzy8m9K/,"$1,749,000","$2,010,000",Detached,"17 Maughan Cres , Toronto - Woodbine Corridor"
/on/north-york-real-estate/115-cassandra-blvd/home/Vwod7vreW2D75mGN/,"$1,688,000","$1,747,200",Detached,"115 Cassandra Blvd , North York - Parkwoods-Donalda"
/on/toronto-real-estate/127-bellwoods-ave/home/510Qqypwx2PYLGlV/,"$1,799,900","$1,750,000",Semi-Detached,"127 Bellwoods Ave , Toronto - Trinity-Bellwoods"
/on/toronto-real-estate/77-chestnut-park-rd/home/gJRv53K624x7VPW4/,"$14,995,000","$13,575,000",Detached,"77 Chestnut Park Rd , Toronto - Rosedale-Moore Park"
/on/toronto-real-estate/82-glenmore-rd/home/mLzQ1y5GLj93qdeK/,"$1,299,000","$1,250,000",Detached,"82 Glenmore Rd , Toronto - Woodbine Corridor"
/on/north-york-real-estate/360-glen-park-ave/home/0Zaw5Yozvam3n961/,"$1,829,000","$1,770,000",Detached,"360 Glen Park Ave , North York - Yorkdale-Glen Park"
/on/toronto-real-estate/15-regal-rd/home/damgL7ApK4nyZ1MW/,"$1,100,000","$1,075,000",Semi-Detached,"15 Regal Rd , Toronto - Wychwood"
/on/toronto-real-estate/70-drayton-ave/home/Xawjy41wQn97rR18/,"$750,001","$720,000",Detached,"70 Drayton Ave , Toronto - Woodbine Corridor"
/on/scarborough-real-estate/24-sophia-dr/home/10QqypNrNx23LGlV/,"$799,000","$955,000",Detached,"24 Sophia Dr , Scarborough - Woburn"
/on/toronto-real-estate/1-385-brunswick-ave/home/kbEDRYaaKE5Y1VaB/,"$2,198,000","$2,178,000",Condo Townhouse,"1 - 385 Brunswick Ave , Toronto - Annex"
/on/toronto-real-estate/34-kippendavie-ave/home/owJKR7PvOkXYXeLP/,"$1,769,000","$2,210,018",Detached,"34 Kippendavie Ave , Toronto - The Beaches"
/on/toronto-real-estate/1407-12-sudbury-st/home/5xLkv3V59jZ7DBNr/,"$1,075,000","$1,055,000",Condo Townhouse,"1407 - 12 Sudbury St , Toronto - Niagara"
/on/north-york-real-estate/6-34-yorkminster-rd/home/zVwod7vll2oY5mGN/,"$789,000","$700,000",Condo Townhouse,"6 - 34 Yorkminster Rd , North York - St. Andrew-Windfields"
/on/toronto-real-estate/203-parkmount-rd/home/VLaGyG2J2BBYW1ZD/,"$799,000","$1,003,000",Semi-Detached,"203 Parkmount Rd , Toronto - Greenwood-Coxwell"
/on/north-york-real-estate/18-elliotwood-crt/home/wJKR7P8dojg7XeLP/,"$1,999,000","$2,300,000",Detached,"18 Elliotwood Crt , North York - St. Andrew-Windfields"
/on/north-york-real-estate/27-suncrest-dr/home/JRv53KDdJwxYVPW4/,"$4,599,000","$4,395,000",Detached,"27 Suncrest Dr , North York - Bridle Path-Sunnybrook-York Mills"
/on/toronto-real-estate/143-sears-st/home/5xLkv3V5g5Q7DBNr/,"$898,000","$1,045,000",Detached,"143 Sears St , Toronto - Greenwood-Coxwell"
/on/scarborough-real-estate/44-anola-pl/home/0ZxwR7M9eJz7KabB/,"$1,199,900","$1,150,000",Detached,"44 Anola Pl , Scarborough - Bendale"
/on/scarborough-real-estate/23-elba-ave/home/eQp5yO8J8AJ7d0ZE/,"$499,999","$703,500",Detached,"23 Elba Ave , Scarborough - Oakridge"
/on/toronto-real-estate/40-bain-ave/home/N0A9X3jOQkdYvgxV/,"$2,099,000","$2,411,100",Semi-Detached,"40 Bain Ave , Toronto - North Riverdale"
/on/toronto-real-estate/493-melrose-ave/home/EeVbOYElz053x2P0/,"$2,649,000","$2,600,000",Detached,"493 Melrose Ave , Toronto - Bedford Park-Nortown"
/on/toronto-real-estate/26-alton-ave/home/0MWBVyZ9RKbYKemj/,"$949,000","$1,060,000",Semi-Detached,"26 Alton Ave , Toronto - South Riverdale"
/on/toronto-real-estate/281-mcroberts-ave/home/wJKR7P8noaD7XeLP/,"$800,000","$780,000",Detached,"281 McRoberts Ave , Toronto - Caledonia-Fairbank"
/on/toronto-real-estate/3-hector-ave/home/obqB176GJ1K3ZajD/,"$998,000","$1,130,000",Semi-Detached,"3 Hector Ave , Toronto - Wychwood"
/on/north-york-real-estate/177-avondale-ave/home/5xLkv3VzMln3DBNr/,"$1,396,800","$1,245,000",Detached,"177 Avondale Ave , North York - Willowdale East"
/on/toronto-real-estate/32-salisbury-ave/home/gJRv53KLkPDYVPW4/,"$1,595,000","$1,500,000",Semi-Detached,"32 Salisbury Ave , Toronto - Cabbagetown-South St. James Town"
/on/toronto-real-estate/37-woodmount-ave/home/zVwod7v0APGY5mGN/,"$1,698,000","$1,600,000",Detached,"37 Woodmount Ave , Toronto - Danforth"
/on/toronto-real-estate/27-woodlawn-ave-w/home/EeVbOYE9JOVYx2P0/,"$3,495,000","$3,507,000",Semi-Detached,"27 Woodlawn Ave W , Toronto - Yonge-St. Clair"
/on/scarborough-real-estate/32-chestnut-cres/home/wJKR7P81NRp7XeLP/,"$725,000","$725,000",Semi-Detached,"32 Chestnut Cres , Scarborough - Clairlea-Birchmount"
/on/toronto-real-estate/60-spencer-ave/home/L5VXv3lp0lg3j2q8/,"$1,449,000","$1,426,789",Semi-Detached,"60 Spencer Ave , Toronto - South Parkdale"
/on/toronto-real-estate/55-hambly-ave/home/weQp5yO2wk1Yd0ZE/,"$3,299,900","$3,200,000",Detached,"55 Hambly Ave , Toronto - The Beaches"
/on/north-york-real-estate/212-roywood-dr/home/xLkv3V9pQgR7DBNr/,"$899,900","$862,000",Semi-Detached,"212 Roywood Dr , North York - Parkwoods-Donalda"
/on/north-york-real-estate/75-valentine-dr/home/knbq6y1aVvayo9DA/,"$1,898,000","$1,900,000",Detached,"75 Valentine Dr , North York - Parkwoods-Donalda"
/on/toronto-real-estate/30-chudleigh-ave/home/XRla7gxexJg3jEvL/,"$1,988,800","$2,250,000",Detached,"30 Chudleigh Ave , Toronto - Lawrence Park South"
/on/toronto-real-estate/395-fairlawn-ave/home/gAaOyL81lNeyGxMb/,"$3,949,000","$3,700,000",Detached,"395 Fairlawn Ave , Toronto - Bedford Park-Nortown"
/on/toronto-real-estate/321-concord-ave/home/owJKR7PaVNp3XeLP/,"$1,199,000","$1,353,321",Semi-Detached,"321 Concord Ave , Toronto - Dovercourt-Wallace Emerson-Junction"
/on/scarborough-real-estate/41-bell-estate-rd/home/jJKdOYrr6nbY54lW/,"$979,900","$940,000",Freehold Townhouse,"41 Bell Estate Rd , Scarborough - Clairlea-Birchmount"
/on/toronto-real-estate/118-cambridge-ave/home/JRv53KDdow6YVPW4/,"$999,999","$1,400,000",Semi-Detached,"118 Cambridge Ave , Toronto - Playter Estates-Danforth"
/on/scarborough-real-estate/41-bell-estate-rd/home/jJKdOYrr6nbY54lW/,"$979,900","$940,000",Freehold Townhouse,"41 Bell Estate Rd , Scarborough - Clairlea-Birchmount"
/on/toronto-real-estate/163-saint-clarens-ave/home/DO1w3Wqr4aOy8Jg0/,"$1,399,900","$1,360,000",Detached,"163 Saint Clarens Ave , Toronto - Dufferin Grove"
/on/toronto-real-estate/658-oriole-pkwy/home/0MWBVyZopX27Kemj/,"$1,724,900","$1,630,000",Detached,"658 Oriole Pkwy , Toronto - Yonge-Eglinton"
/on/toronto-real-estate/344-st-germain-ave/home/dXze3eKaAPey8m9K/,"$1,689,000","$1,655,000",Detached,"344 St Germain Ave , Toronto - Lawrence Park North"
/on/scarborough-real-estate/68-marsh-rd/home/0Zaw5Yoz1J43n961/,"$758,888","$800,000",Detached,"68 Marsh Rd , Scarborough - Clairlea-Birchmount"
/on/toronto-real-estate/156-6-foundry-ave/home/DnM697k8w4o3bmwe/,"$849,000","$830,000",Condo Townhouse,"156 - 6 Foundry Ave , Toronto - Dovercourt-Wallace Emerson-Junction"
/on/toronto-real-estate/1261-gerrard-st-e/home/EXrx30X8egG3OklN/,"$818,000","$808,000",Freehold Townhouse,"1261 Gerrard St E , Toronto - South Riverdale"
/on/toronto-real-estate/405-northcliffe-blvd/home/JKdOYrGrOdBy54lW/,"$1,130,000","$1,045,000",Semi-Detached,"405 Northcliffe Blvd , Toronto - Oakwood Village"
/on/toronto-real-estate/500-donlands-ave/home/N0A9X3jx0wayvgxV/,"$799,900","$987,911",Detached,"500 Donlands Ave , Toronto - East York"
/on/north-york-real-estate/172-maplehurst-ave/home/2Z5BX32V0qw3Dar0/,"$3,728,000","$3,542,000",Detached,"172 Maplehurst Ave , North York - Willowdale East"
/on/toronto-real-estate/13-waterloo-ave/home/ZEXrx30emOlYOklN/,"$1,989,000","$2,100,000",Detached,"13 Waterloo Ave , Toronto - Little Portugal"
/on/toronto-real-estate/158-fairlawn-ave/home/BGMnKYqzlMdyw1Qr/,"$1,475,000","$1,475,000",Semi-Detached,"158 Fairlawn Ave , Toronto - Lawrence Park North"
/on/scarborough-real-estate/17-santamonica-blvd/home/obqB176GO1j3ZajD/,"$759,900","$840,000",Semi-Detached,"17 Santamonica Blvd , Scarborough - Clairlea-Birchmount"
/on/toronto-real-estate/42-garfield-ave/home/0MWBVyZLKOX3Kemj/,"$4,299,000","$3,900,000",Detached,"42 Garfield Ave , Toronto - Rosedale-Moore Park"
/on/toronto-real-estate/6-lankin-blvd/home/VgAaOyLj8RK3GxMb/,"$1,099,000","$1,425,100",Semi-Detached,"6 Lankin Blvd , Toronto - Danforth Village-East York"
/on/north-york-real-estate/3-cassidy-pl/home/9w8o3m5xlQZ3GKjm/,"$2,198,800","$1,950,000",Detached,"3 Cassidy Pl , North York - Banbury-Don Mills"
/on/toronto-real-estate/363-atlas-ave/home/BGMnKYq8zr53w1Qr/,"$899,000","$850,000",Semi-Detached,"363 Atlas Ave , Toronto - Humewood-Cedarvale"
/on/scarborough-real-estate/78-shier-dr/home/EeVbOYEAqrdYx2P0/,"$969,900","$970,000",Detached,"78 Shier Dr , Scarborough - Woburn"
/on/north-york-real-estate/11-banbury-rd/home/XeEn7X6OrWqYrPo8/,"$2,950,000","$2,600,000",Detached,"11 Banbury Rd , North York - Banbury-Don Mills"
/on/scarborough-real-estate/94-waringstown-dr/home/5xLkv3VdxlnyDBNr/,"$949,999","$1,070,000",Detached,"94 Waringstown Dr , Scarborough - Wexford-Maryvale"
/on/toronto-real-estate/95-hallam-st-s/home/DnM697kGKod7bmwe/,"$2,800,000","$2,730,000",Detached,"95 Hallam St , Toronto - Dovercourt-Wallace Emerson-Junction"
/on/toronto-real-estate/16-taunton-rd/home/Vwod7vreKz275mGN/,"$1,295,000","$1,350,000",Semi-Detached,"16 Taunton Rd , Toronto - Mount Pleasant East"
/on/north-york-real-estate/41-cadillac-ave/home/damgL7A5aLl7Z1MW/,"$1,529,000","$1,410,000",Detached,"41 Cadillac Ave , North York - Clanton Park"
/on/toronto-real-estate/2009-12-sudbury-st/home/obqB176zlev7ZajD/,"$899,000","$890,000",Condo Townhouse,"2009 - 12 Sudbury St , Toronto - Niagara"
/on/north-york-real-estate/109-codsell-ave/home/JjAXw7QaQQM7QOzg/,"$2,795,000","$2,700,000",Detached,"109 Codsell Ave , North York - Bathurst Manor"
/on/toronto-real-estate/62-schell-ave/home/BDO1w3WkWGo38Jg0/,"$1,299,900","$1,299,900",Detached,"62 Schell Ave , Toronto - Briar Hill-Belgravia"
/on/toronto-real-estate/17-regal-rd/home/nM697k54V5bYbmwe/,"$1,219,000","$1,285,000",Semi-Detached,"17 Regal Rd , Toronto - Wychwood"
/on/scarborough-real-estate/19-stamford-sq-s/home/BGMnKYq40JR3w1Qr/,"$1,075,000","$1,075,000",Detached,"19 Stamford Sq S , Scarborough - Clairlea-Birchmount"
/on/toronto-real-estate/23-hartley-ave/home/gaQmD7zaagLyJ9Bo/,"$1,069,000","$1,030,000",Detached,"23 Hartley Ave , Toronto - Briar Hill-Belgravia"
/on/toronto-real-estate/195-prescott-ave/home/L4KAX7Nb4Vx7eRPJ/,"$999,000","$1,028,000",Semi-Detached,"195 Prescott Ave , Toronto - Weston-Pellam Park"
/on/scarborough-real-estate/26-martindale-rd/home/JRv53KDN1ePYVPW4/,"$1,000,000","$750,000",Detached,"26 Martindale Rd , Scarborough - Eglinton East"
/on/toronto-real-estate/104-albany-ave/home/obqB176n0A67ZajD/,"$2,790,000","$2,780,000",Semi-Detached,"104 Albany Ave , Toronto - Annex"
/on/toronto-real-estate/244-virginia-ave/home/mLzQ1y5lMrmYqdeK/,"$1,359,000","$1,320,000",Detached,"244 Virginia Ave , Toronto - Woodbine-Lumsden"
/on/toronto-real-estate/32a-arlington-ave/home/AKv53DD2OqW3MnxB/,"$1,199,000","$1,220,000",Semi-Detached,"32A Arlington Ave , Toronto - Wychwood"
/on/scarborough-real-estate/6-elward-blvd/home/DnM697k1kNOYbmwe/,"$569,900","$675,000",Detached,"6 Elward Blvd , Scarborough - Oakridge"
/on/toronto-real-estate/15-17-pembroke-st/home/owJKR7PnBk1YXeLP/,"$620,000","$580,999",Condo Townhouse,"15 - 17 Pembroke St , Toronto - Moss Park"
/on/scarborough-real-estate/49-ivordale-cres/home/0A9X3jP50EryvgxV/,"$824,900","$800,000",Detached,"49 Ivordale Cres , Scarborough - Wexford-Maryvale"
/on/toronto-real-estate/204-gledhill-ave/home/NAKv53Dopkk7MnxB/,"$680,000","$670,000",Detached,"204 Gledhill Ave , Toronto - Woodbine-Lumsden"
/on/north-york-real-estate/8-paramount-crt/home/GMnKYqpbKR13w1Qr/,"$1,600,000","$1,600,000",Detached,"8 Paramount Crt , North York - Brookhaven-Amesbury"
/on/toronto-real-estate/1-windy-golf-way/home/XRla7gxK60X3jEvL/,"$999,995","$980,000",Condo Townhouse,"1 Windy Golf Way , Toronto - Flemingdon Park"
