address,mls
1809-20 Meadowglen Place,MLS® E11228267
40 Stanley Greene Boulevard,MLS® W11228250
58 Mansfield Avenue,MLS® C11228220
409-160 Canon Jackson Drive,MLS® W11228227
703-320 Dixon Road,MLS® W11227022
2304-20 Tubman Avenue,MLS® C11228237
1105-99 Foxbar Road,MLS® C11228233
326-38 Monte Kwinter Court,MLS® C11226486
776 Danforth Road,MLS® E11225959
511-1100 Sheppard Avenue W,MLS® W11225560
2408-125 Village Green Square,MLS® E11225903
PH3602-70 Town Centre Court,MLS® E11225034
106-60 Pavane Linkway Way,MLS® C11224506
11 Ottawa Street,MLS® C11223657
242 Castlefield Avenue,MLS® C11221058
3104-395 Bloor Street E,MLS® C11219556
159 Brunswick Avenue,MLS® C11215742
413-201 Carlaw Avenue,MLS® E11215735
3411-1 Yorkville Avenue,MLS® C11215734
3504-36 Park Lawn Road,MLS® W11215729
88-201 Alexmuir Boulevard,MLS® E11215170
16-17 Pembroke Street,MLS® C11215153
308-500 Dupont Street,MLS® C11215727
4107-20 Lombard Street,MLS® C11214526
16 Elswick Road,MLS® E11213567
TH1-116 Evans Avenue,MLS® W11214265
1218-20 Edward Street,MLS® C11213922
108-89 Skymark Drive,MLS® C11213354
2207-38 Elm Street,MLS® C11213091
132 Pandora Circle,MLS® E11212273
TH2-60 Byng Avenue,MLS® C11211570
7B Bracebridge Avenue,MLS® E11211142
1611-175 Cumberland Street,MLS® C11207295
1102-45 Baseball Place,MLS® E11205858
5 Hayes Lane,MLS® C11204347
1208-2240 Lakeshore Boulevard W,MLS® W11204792
609-1328 Birchmount Road,MLS® E11202876
35 Philpott Gardens,MLS® E11202065
4506-395 Bloor Street E,MLS® C11201721
901-35 Bales Avenue,MLS® C11200940
910-15 Lower Jarvis Street E,MLS® C11200129
212 Sixth Street,MLS® W11200040
528-109 Front Street E,MLS® C11199461
553 Strathmore Boulevard,MLS® E11197843
19 Devon Road,MLS® E11197658
1412-51 Trolley Crescent,MLS® C11197938
95 Willowridge Road,MLS® W11196813
59 Hill Crescent,MLS® E11197443
62 Wimpole Drive,MLS® C11196555
24 Dunboyne Court,MLS® C11196281
4A Shank Street,MLS® C11196820
724-60 Southport Street,MLS® W11196851
12-2522 Keele Street E,MLS® W11196109
1024-155 Dalhousie Street,MLS® C11196794
136 Denlow Boulevard,MLS® C11195311
73 Yorkminister Road,MLS® C11195307
152 Sheldon Avenue,MLS® W11195291
1 Millmere Drive,MLS® E11194302
421 Craven Road,MLS® E11193577
1005-90 Park Lawn Road,MLS® W11195309
2079-3045 Finch Avenue W,MLS® W11193578
506-1169 Queen Street W,MLS® C11195306
312-25 Scrivener Square,MLS® C11195300
2307-5418 Yonge Street,MLS® C11195296
318-600 Fleet Street,MLS® C11195295
2207-330 Richmond Street W,MLS® C11193575
107-10 Torresdale Avenue,MLS® C11193176
86 Prue Avenue,MLS® C11191066
508-85 Emmett Avenue,MLS® W11190138
502-1 Neighbourhood Lane,MLS® W11190125
1806-50 Ann O'reilly Road,MLS® C11190492
3003-14 York Street,MLS® C11190146
3702-7 Grenville Street W,MLS® C11190129
403-380 Macpherson Avenue,MLS® C11190126
551 Broadway Avenue,MLS® C11190116
PH208-235 Sherway Gardens Road,MLS® W11190097
702-260 Seneca Hill Drive,MLS® C11190089
3102-11 Wellesley Street W,MLS® C11190086
4 Murray Avenue,MLS® E11190075
210 Victoria Street,MLS® C11190072
68 Lily Cup Avenue,MLS® E11190055
1115-19 Bathurst Street,MLS® C11190051
2066-3047 Finch Avenue W,MLS® W11190039
112 Stapleton Drive,MLS® W11190021
PH02-115 Mcmahon Drive,MLS® C11190011
424 Delaware Avenue,MLS® W11189971
457 Staines Road,MLS® E11189974
50 Cavell Avenue,MLS® W11185783
100 Bartley Drive,MLS® C11181545
136 Church Avenue S,MLS® C11181107
704-97 Lawton Boulevard,MLS® C11190006
41 Squires Avenue,MLS® E11178017
17 Pebblewood Avenue,MLS® E11177170
41 Hill Crescent,MLS® E11176950
1101-7 Michael Power Place,MLS® W11189999
618-36 Blue Jays Way,MLS® C11189988
76 Annette Street,MLS® W11171923
676 Tretheway Drive,MLS® W11167535
77 Millicent Street,MLS® W11141300
500 Rathburn Road,MLS® W11126638
102-205 Wellesley Street E,MLS® C11189981
113-2351 Kennedy Road,MLS® E11189983
1602-233 Beecroft Road,MLS® C11189972
42 Evanston Drive,MLS® C11100984
61 Roseheath Avenue,MLS® E11084500
218 Goldhawk Trail,MLS® E11057970
3-185 Carlton Street,MLS® C11189967
1804-60 Town Centre Crescent,MLS® E11189908
847-151 Dan Leckie Way,MLS® C11189915
505-906 Sheppard Avenue W,MLS® C11180728
163 Newton Drive,MLS® C11177890
44 Flagstick Court,MLS® W11176635
1110-57 St. Joseph Street,MLS® C11179852
1102-8 York Street,MLS® C11178871
2015-11 Lee Centre Drive,MLS® E11177773
1701-63 St Clair Avenue W,MLS® C11177109
14 Peel Avenue N,MLS® C11120075
67 North Edgely Avenue,MLS® E11157297
312 Dalesford Road,MLS® W11083581
1207-60 St Clair Avenue W,MLS® C11175666
611-5795 Yonge Street,MLS® C11159567
920-169 Fort York Boulevard,MLS® C11149845
328-361 Front Street W,MLS® C11148835
415-23 Glebe Road W,MLS® C11125715
15 Lower Jarvis Street,MLS® 40681299
1010-451 The West Mall,MLS® W11094692
212-234 Albion Road,MLS® W11055857
1408-23 Sheppard Avenue E,MLS® C11113758
701-18 Kenaston Gardens,MLS® C11063418
1109-82 Dalhousie Street,MLS® C11055596
15 Charleswood Drive,MLS® C11041886
1104-581 Avenue Road,MLS® C11049143
2405-33 University Avenue,MLS® C11048619
386 Westmoreland Avenue N,MLS® W11049304
27 Wilmar Road,MLS® W11047391
43 Bernard Avenue,Photos Coming Soon
151 Yonge Boulevard,MLS® C11047417
3001-101 Peter Street,MLS® C11046995
144 Strathnairn Avenue,MLS® C11046732
137 Dean Park Road,MLS® W11024954
228 Westmoreland Avenue,MLS® W11046662
706-2470 Eglinton Avenue W,Photos Coming Soon
807-2772 Keele St Street,MLS® W11039254
344-21 Dale Avenue,MLS® W11033853
508-25 Lower Simcoe Street,MLS® C11046321
754 Adelaide Street W,MLS® C11045494
136 Anthony Road,MLS® C10999389
1405-32 Davenport Road,MLS® W10993146
410-8 Manor Road W,MLS® C11014552
3711-2221 Yonge Street,MLS® C11011259
36 Ava Road,MLS® C10982390
5 Cranleigh Court,MLS® C10976867
3 Minho Boulevard,MLS® W10957537
196 Lawrence Avenue,MLS® C10961575
74 Mare Crescent,MLS® C10957697
38 Osler Street,MLS® W10956676
1710-400 Mclevin Avenue,MLS® W10945808
2403-78 Harrison Garden Boulevard,MLS® E10973740
1019-1 Homewood Avenue,MLS® C10975322
170 Elmhurst Drive,MLS® C10971804
16 Datchet Road,MLS® W10937500
81 Randolph Road,MLS® W10932338
357 Fairlawn Avenue,MLS® C10932766
90 Chatsworth Drive,MLS® C10931779
12 Lark Street,MLS® C10930082
1107-100 Lotherton Parkway,MLS® E10930048
942-25 Bamburgh Circle,MLS® W10960070
2501-180 University Avenue,MLS® E10956908
421-1 Homewood Avenue,MLS® C10967517
66-5 Centennial Pk Road,MLS® C10957745
212-75 Emmett Avenue,MLS® W10931782
1004-10 Park Lawn Road,MLS® W10930079
107-90 Edgewood Avenue,MLS® W10930045
1806-115 Mcmahon Drive,MLS® E10930087
1-16 Relmar Road,MLS® C10955351
1108/09-914 Yonge Street,MLS® C10933942
1706-135 Antibes Drive,MLS® C10930620
1504-65 Spring Garden Avenue,MLS® C10930063
306-778 Sheppard Avenue W,MLS® C10930030
130 Ranee Avenue,MLS® C10930013
2111-55 Mercer Street,MLS® C10930024
503-34 Tubman Avenue,MLS® C10930005
16-86 Castlebury Crescent,MLS® C10929997
326 Joicey Boulevard,MLS® C10929968
574A Pharmacy Avenue,MLS® E10929955
411-1791 St. Clair Avenue,MLS® W10929961
212-66 Portland Street,MLS® C10929971
1110-77 Shuter Street,MLS® C10929965
1503-96 Saint Patrick Street,MLS® C10929948
92 Bexhill Avenue,MLS® E10929938
301 Oakwood Avenue,MLS® C10929911
50A Lanark Avenue,MLS® C10929883
48 Lanark Avenue,MLS® C10929868
57 Saddle Ridge Drive,MLS® C10929839
218-55 Collinsgrove Road,MLS® E10929944
1710-330 Alton Towers Circle,MLS® E10929871
5005-11 Brunel Court,MLS® C10929925
243 Johnston Avenue,MLS® C10929742
411 Main Street,MLS® E10929796
79 Cuffley Crescent S,MLS® W10929735
55 Plumbrook Crescent N,MLS® E10929731
16 Bright Street,MLS® C10929732
3906-56 Annie Craig Drive,MLS® W10929816
710-180 Fairview Mall Drive,MLS® C10929867
4802-300 Front Street W,MLS® C10929847
5101-180 University Avenue,MLS® C10929845
215-18 Rean Drive,MLS® C10929844
2012-16 Yonge Street,MLS® C10929811
2309-28 Empress Avenue,MLS® C10929793
502-2645 Jane Street,MLS® W10929787
106-25 Ritchie Avenue,MLS® W10929769
216-150 Logan Avenue,MLS® E10929743
2212-219 Dundas Street E,MLS® C10929750
305-18 Hillcrest Avenue,MLS® C10929746
708-25 Holly Street,MLS® C10929726
PARKING-75 Canterbury Place,MLS® C10929712
708-18 Graydon Hall Drive,MLS® C10929701
109 Pauline Avenue,MLS® W10929715
76 Amanda Drive,MLS® E10929682
38 Citation Drive,MLS® C10929686
1040 Kennedy Road,MLS® E10929667
1507-716 The West Mall,MLS® W10929665
1603-125 Western Battery Road,MLS® C10929678
4605-108 Peter Street,MLS® C10929674
1 Pakenham Drive,MLS® W10929630
10 Via Cassia Drive,MLS® W10929502
343 Indian Grove,MLS® W10929454
25 Foxwell Street,MLS® W10929437
53 Delabo Drive,MLS® W10893869
39A Evans Avenue,MLS® W10929394
14 Baltray Crescent,MLS® C10929590
40 Axsmith Crescent,MLS® C10929564
76A Amsterdam Avenue,MLS® E10929556
107B Holborne Avenue,MLS® E10929523
149 Dinnick Crescent,MLS® C10929519
37 Allister Avenue,MLS® E10929616
4010 Ellesmere Road,MLS® E10929318
6 Shallowford Court,MLS® E10884900
57 Ridge Hill Drive,MLS® C10929319
16 Benway Drive,MLS® W10929305
197 South Woodrow Boulevard,MLS® E10929235
11 St. Patricks Square,MLS® C10929229
46 Lewis Street,MLS® E10929210
14 Brookfield Road,MLS® C10929150
31 Shaver Avenue S,MLS® W10929182
110 Leyton Avenue,MLS® E10929128
112 Mason Boulevard,MLS® C10929142
231 Falstaff Avenue,MLS® W10929084
4-195 Grand Avenue,MLS® W10893826
108 Caroline Avenue,MLS® E10929069
395 Morrish Road,MLS® E10928057
11 Northcote Avenue,MLS® C10927436
55 Laurel Avenue,MLS® E10924779
180 Lake Shore Drive,MLS® W10913018
770 Pape Avenue,MLS® E10909881
621-60 Fairfax Crescent,MLS® E10929576
314-30 Meadowglen Place,MLS® E10929570
507-68 Broadview Avenue,MLS® E10929568
1809-275 Yorkland Road,MLS® C10929560
615-75 Canterbury Place,MLS® C10929557
811-80 Grandravine Drive,MLS® W10929547
304-1483 Birchmount Road,MLS® E10929539
726-18 Mondeo Drive,MLS® E10929534
2902-1 Yorkville Avenue,MLS® C10929521
603-18 Yonge Street,MLS® C10929503
44 Symington Avenue,MLS® W10887111
278 Euclid Avenue,MLS® C10893790
84 Bannatyne Drive,MLS® C10893787
215-38 Howard Park Avenue,MLS® W10929481
147 Hope Street,MLS® W10887677
3 Lake Shore Drive,MLS® W10884946
14 Downpatrick Crescent,MLS® W10884881
6 Versailles Court,MLS® C10884919
27 Crendon Drive,MLS® W10884903
915-75 Bamburgh Circle,MLS® E10929445
47-151 Wickson Trail,MLS® E10929430
374 Woburn Avenue,MLS® C10884122
428 Sackville Street,MLS® C10881190
183 Willowridge Road,MLS® W10879013
408-370 Dixon Road E,MLS® W10929416
55 Laurel Avenue,MLS® E10924779
25 Blandford Street,MLS® C10876214
2901-3 Massey Sq,MLS® E10929387
611-2350 Bridletowne Circle,MLS® E10929356
908-455 Wellington Street W,MLS® C10929361
TH18-270 Davenport Road,MLS® C10929359
403-10 Markbrook Lane,MLS® W10929123
1233-35 Viking Lane,MLS® W10929059
PH10-858 Dupont Street,MLS® W10901468
101-80 Palace Pier Court,MLS® W10900736
2003-81 Wellesley Street E,MLS® C10929326
428-60 Fairfax Crescent,MLS® E10929042
319-2787 Eglinton Avenue E,MLS® E10921104
214-45 Sunrise Avenue,MLS® C10929288
3629-28 Widmer Street,MLS® C10929283
825-30 Tretti Way,MLS® C10929282
3604-311 Bay Street,MLS® C10929277
1506-1101 Leslie Street,MLS® C10929268
502-81 Wellesley Street E,MLS® C10929242
2803-180 University Avenue,MLS® C10929239
1908-12 York Street,MLS® C10929219
503-55 Stewart Street,MLS® C10929180
5405-1 Yorkville Avenue,MLS® C10929132
1917-10 Edgecliff Gfwy,MLS® C10929099
1239 Dundas Street W,MLS® C10929097
307-373 Front Street W,MLS® C10929052
3509-488 University Avenue,MLS® C10929051
15 Virgo Starway,MLS® C10928358
4407-1080 Bay Street,MLS® C10927910
1214-1369 Bloor Street W,MLS® C10927148
616-15 Bruyeres Mews,MLS® C10927010
2207-16 Yonge Street,MLS® C10926408
304-761 Bay Street,MLS® C10923360
5507-395 Bloor Street E,MLS® C10919857
75 Sloping Sky Mews,MLS® C10913652
413-10 Yonge Street,MLS® C10908043
606-133 Torresdale Avenue,MLS® C10903986
6 Versaille Court,MLS® C10884919
1002-2150 Lawrence Avenue E,MLS® E10900179
502-20 Collier Street,MLS® C10894943
415-38 Forest Manor Road,MLS® C10893877
704-858 Dupont Street,MLS® W10893858
620-6 Humberline Drive,MLS® W10885190
608-30 Thunder Grove,MLS® E10893855
415-255 Richmond Street E,MLS® C10893867
813-15 Mercer Street,MLS® C10891305
808-20 Joe Shuster Way,MLS® C10887680
818-60 Southport Street,MLS® W10884973
5004-15 Grenville Street,MLS® C10884964
1907-115 Mcmahon Drive,MLS® C10884962
302-44 Longbourne Drive,MLS® W10884958
301-61 Richview Road,MLS® W10884948
508-90 Queens Wharf Road,MLS® C10884950
3005-115 Mcmahon Drive,MLS® C10884939
312-160 Kingsway Crescent,MLS® W10877879
705-1 Lomond Drive,MLS® W10876595
303-10 Crescent Town Road,MLS® E10876141
204-458 Richmond Street W,MLS® C10884902
510-3237 Bayview Avenue,MLS® C10884888
809-1360 York Mills Road S,MLS® C10884875
201-115 Mcmahon Drive,MLS® C10878246
205-650 King Street W,MLS® C10875842
38 Fielding Avenue,MLS® E10875176
261 Winona Drive,MLS® C10875180
310-160 Kingsway Crescent,MLS® W10875177
308-160 Kingsway Crescent,MLS® W10875166
101-160 Kingsway Crescent,MLS® W10875159
1403-121 Ling Road,MLS® E10875157
910-15 Lower Jarvis Street,MLS® C10876059
502 Davisville Avenue,MLS® C10875139
56 Deerbrook Trail,MLS® E10875121
28 Corinth Gardens,MLS® C10875104
70 Keegan Crescent,MLS® W10875162
8 Blakley Avenue,MLS® W10875099
34 Hyacinth Crescent,MLS® E10875170
5-32 Gothic Avenue,MLS® W10875133
1515-90 Park Lawn Road,MLS® W10875124
808-160 Kingsway Crescent,MLS® W10875116
411-160 Kingsway Crescent,MLS® W10875107
808-3151 Bridletowne Circle,MLS® E10875151
3303-99 Harbour Square,MLS® C10875138
401-200 Bloor Street W,MLS® C10875109
37 Kenilworth Avenue,MLS® E10875090
1007-3390 Weston Road W,MLS® W10875047
303-85 Skymark Drive,MLS® C10875087
502-25 Maitland Street,MLS® C10875086
305-373 Front Street W,MLS® C10875079
812-5 Everson Drive,MLS® C10875076
21 Hernshaw Crescent,MLS® W10875053
909-8 Lee Centre Drive,MLS® E10875032
711-8 Manor Road W,MLS® C10875025
217-18 Beverley Street,MLS® C10875020
703-1195 The Queensway Avenue,MLS® W10875010
301-10 Eva Road,MLS® W10874990
37 Mutual Street,MLS® C10874986
37 Mutual Street,MLS® C10874986
143 Silas Hill Drive,MLS® C10874919
88 Binscarth Road,MLS® C10874912
81-28 Livingston Road,MLS® E10874971
412-1496 Kingston Road,MLS® E10874936
1106-2 Glamorgan Avenue,MLS® E10874931
317-1496 Kingston Road,MLS® E10874928
201-1496 Kingston Road,MLS® E10874907
N367-35 Rolling Mills Road,MLS® C10874949
709 W-565 Wilson Avenue,MLS® C10874924
701-7 Sudbury Street N,MLS® C10874892
909-714 The West Mall,MLS® W10874874
311-300 Manitoba Street,MLS® W10874867
33 Hopperton Drive,MLS® C10874839
18 Brill Crescent,MLS® C10874827
PH2-407 Walmer Road,MLS® C10874828
24 York Valley Crescent,MLS® C10874824
419-33 Frederick Todd Way W,MLS® C10874823
1502-161 Roehampton Avenue,MLS® C10874818
97 29th Street,MLS® W10874756
37 Woodlawn Avenue W,MLS® C10874712
641-830 Lawrence Avenue W,MLS® W10874708
1320-585 Bloor Street E,MLS® C10874706
75 Seventeenth Street,MLS® W10874704
7 Hunter Street,MLS® E10874697
1002-9 Valhalla Inn Road,MLS® W10854829
420 Mill Road,MLS® 40642733
6-150 Pinery Trail,MLS® E10854799
306-3088 Kennedy Road,MLS® E10845507
69 Moorehouse Drive,MLS® E10845501
808-5 St. Joseph Street,MLS® C10845496
40 Poulett Street,MLS® C10845474
304-3091 Dufferin Street,MLS® C10845473
40 Whispering Willow Pathway,MLS® W10845464
1808-10 Queens Quay W,MLS® E10845441
TH8-80 Carr Street,MLS® C10845436
1301-500 Sherbourne Street,MLS® C10845431
901-50 Bruyeres Mews,MLS® C10845420
35 Wallington Avenue,MLS® C10845418
2211-251 Jarvis Street,MLS® E10845378
317-28 Olive Avenue N,MLS® C10845381
5310-197 Yonge Street,MLS® C10780118
617-117 Broadway Avenue,MLS® C10778531
510-41 Markbrook Lane,MLS® W10744791
1411-25 Richmond Street E,MLS® C10744227
321-8 Tippett Road,MLS® C10744202
901-99 Broadway Avenue,MLS® C10744201
1707-61 Town Centre Court,MLS® C10744182
1109-5180 Yonge Street,MLS® C10744170
2045-3033 Finch Avenue W,MLS® W10744173
406-955 O'connor Drive,MLS® E10744146
4108-87 Peter Street,MLS® C10744138
2201-208 Queens Quay Way W,MLS® C10744109
306-35 Finch Avenue E,MLS® C10744098
4504-99 John Street,MLS® C10742590
6005-28 Freeland Street,MLS® C10735921
6 Wyndcliff Crescent,MLS® C10710236
5703-28 Freeland Street,MLS® C10731315
6 Whistling Hills Drive,MLS® E10707926
2103-3390 Weston Road,MLS® W10707952
47-16 B Leaside Park Drive,MLS® C10709948
181 Earlscourt Avenue,MLS® W10707883
140 Porchester Dr Drive,MLS® E10707880
203-115 Mcmahon Drive,MLS® C10707892
13 Morning Glory Way,MLS® C10707881
607-36 Lee Centre Drive,MLS® E10707838
337-50 Power Street,MLS® C10707848
803-68 Grangeway Avenue,MLS® E10707791
922-10 Capreol Court,MLS® C10707746
1009-5740 Yonge Street,MLS® C10707735
22 Beran Drive,MLS® E10707729
128 Bonis Avenue,MLS® E10707728
1604-50 Power Street,MLS® C10707721
69 Beechborough Avenue,MLS® W10707718
15 Merredin Place,MLS® C10707715
603 Spadina Road,MLS® C10707707
520-38 Monte Kwinter Court,MLS® C10707704
5703-11 Wellesley Street W,MLS® C10707698
50-719 Lawrence Avenue W,MLS® W10678586
1515-8 Hillcrest Avenue,MLS® C10650046
1502-10 York Street,MLS® C10640404
112 Anndale Drive,MLS® C10564186
185 Richard Clark Drive,MLS® W10562062
51 Tromley Drive,MLS® W10514116
708-60 Town Centre Court,MLS® E10541395
506-12 Rean Drive,MLS® C10511289
12 Euclid Avenue,MLS® E10477077
1603-10 Yonge Street,MLS® C10477072
2191 Yonge Street,MLS® C10477067
68 Yorkville Avenue,MLS® 40680368
75 Kenilworth Avenue,MLS® E10477061
502-5 Concorde Place,MLS® C10477051
201-11 Neilson Drive,MLS® W10477042
407-235 Grandravine Drive,MLS® W10477032
79 Elder Avenue,MLS® W10443400
55 Sellmar Road,Photos Coming Soon
503-117 Gerrard Street E,MLS® W10463665
160 Dixon Road,MLS® C10463710
7 Ice Cream Lane,MLS® W10462564
109 Mckee Avenue,MLS® E10454179
557 Markham Street,MLS® C10453512
59 Roseglen Crescent,MLS® C10454156
602-50 Ordnance Street,MLS® W10454133
741-15 Merchant's Wharf,MLS® C10463676
1902-14 York Street,MLS® C10463657
512-24 Wellesley Street W,MLS® C10463650
1150-313 Richmond Street E,MLS® C10463639
161 Dowling Avenue,MLS® C10461890
44 Ladysbridge Drive,MLS® W10442829
105-2772 Keele Street,MLS® E10442857
911-81 Navy Wharf Court,MLS® W10454154
2011-8 York Street,MLS® C10461325
310-170 Fort York Boulevard,MLS® C10456114
502-60 Pavane Linkway Way,MLS® C10454155
48 Westbrook Avenue,MLS® E10442840
207 Pellatt Avenue,MLS® W10442786
11 Gibson Avenue,MLS® C10442774
913-103 The Queensway Avenue,MLS® W10454136
31-184 Woody Vine Way,MLS® C10453964
S305-8 Olympic Gdn Drive,MLS® C10447471
3001-70 Annie Craig Drive,MLS® W10446387
2301-135 Antibes Drive,MLS® C10454134
1510-30 Ordnance Street,MLS® C10454129
1116-509 Beecroft Road,MLS® C10454126
1103-75 Queens Wharf Road E,MLS® C10447613
2712-251 Jarvis Street,MLS® C10445471
2202-70 Temperance Street,MLS® C10442895
2505-159 Dundas Street E,MLS® C10442881
212-629 King Street W,MLS® C10442878
37 Dupont Street,MLS® C10442620
56 Richmond Park Boulevard,MLS® E10442601
230 Gilbert Avenue,MLS® W10442514
202-25 Neighbourhood Lane,MLS® W10442804
201-25 Richmond Street E,MLS® C10442819
902-15 Merchants' Wharf E,MLS® C10442813
214 Gerrard Street E,MLS® 40680267
869 Scarborough Golf Club Road,MLS® E10442548
103-2550 Bathurst Street,MLS® C10442783
4-18 Greenbriar Road,MLS® C10442777
1018-270 Dufferin Street,MLS® W10442762
504-346 Davenport Road,MLS® C10442760
1301-215 Fort York Boulevard,MLS® C10442747
3009-5 Defries Street,MLS® C10442722
TH07-5 Defries Street,MLS® C10442715
327-7 Smith Crescent,MLS® W10442670
706-50 Lotherton Pathway,MLS® W10442666
3401-33 Shore Breeze Drive,MLS® W10442558
907-3088 Kennedy Road,MLS® E10442618
1002-1 Bloor Street E,MLS® C10442674
708-21 Overlea Boulevard,MLS® C10442661
1213-50 Power Street,MLS® C10442637
802-8 Dovercourt Road,MLS® C10442622
4305-16 Harbour Street,MLS® C10442621
502-1169 Queen Street W,MLS® C10442534
1001-25 Grenville Street,MLS® C10442531
203 Mckee Avenue,MLS® C10442522
31 Bulbourne Road,MLS® W10442518
57-68 Winston Park Boulevard,MLS® W10442006
2333-165 Legion Road,MLS® W10442000
211-5444 Yonge Street,MLS® C10442496
812-60 Tannery Road,MLS® C10442016
5-745 Steeles Avenue W,MLS® C10441978
3608-101 Peter Street S,MLS® C10441974
115-360 Ridelle Avenue,MLS® W10441935
46-341 Military Trail,MLS® E10441929
7702-55 Cooper Street,MLS® C10441880
2 Delbasso Court,MLS® W10441868
53 Armstrong Avenue,MLS® W10441856
22-189 La Rose Avenue,MLS® W10441876
86 Village Greenway,MLS® C10441862
909-1 Rean Drive,MLS® C10441857
186 Macpherson Avenue,MLS® C10441847
24 Dunboyne Court,MLS® C11196281
183 Atlas Avenue,MLS® C10441838
40 Munro Boulevard,MLS® C10441822
610-50 Brian Harrison Way,MLS® E10441824
516-50 George Butchart Drive,MLS® W10441782
708-3018 Yonge Street,MLS® C10441783
616-120 Harrison Garden Boulevard,MLS® C10441780
96 King High Avenue,MLS® C10441760
277 Indian Road,MLS® W10441746
1612-121 Ling Road,MLS® E10441745
220-2020 Bathurst Street,MLS® C10441631
42 Waverley Road,MLS® E10441630
16 Lockerbie Avenue,MLS® W10441611
26 Saybrook Avenue,MLS® W10441609
4202-2230 Lake Shore Boulevard W,MLS® W10441623
3038 Islington Avenue,MLS® W10441582
5 Independence Drive,MLS® E10441568
808-15 London Green Court,MLS® W10441563
1105-260 Sackville Street,MLS® C10441565
902-1901 Yonge Street,MLS® C10441560
307-125 Redpath Avenue,MLS® C10441556
208-710 Humberwood Boulevard,MLS® W10441523
3803-10 York Street,MLS® C10441541
417-1603 Eglinton Avenue W,MLS® C10441529
812-205 Hilda Avenue,MLS® C10441527
213 Heward Avenue,MLS® E10441514
524-5233 Dundas Street W,MLS® W10441477
103 Holcolm Road,MLS® C10441469
LPH5-10 Meadowglen Place,MLS® E10441467
106-10 Meadowglen Place,MLS® E10441466
301-10 Meadowglen Place,MLS® E10441464
103-10 Meadowglen Place,MLS® E10441462
206-10 Meadowglen Place,MLS® E10441461
1907-224 King Street West Street W,MLS® C10441459
410-39 Queens Quay E,MLS® C10441441
407-60 Annie Craig Drive,MLS® W10441391
1706-72 Esther Shiner Boulevard,MLS® C10441388
202-1085 Danforth Road,MLS® E10441385
612-365 Church Street,MLS® C10441377
712-10 Gibbs Road,MLS® W10441376
99 Sadlee Cove Crescent,MLS® E10441362
5109-2221 Yonge Street,MLS® C10441359
1010-20 Edgecliffe Gfwy,MLS® C10441357
27 Manorwood Road,MLS® E10441356
414-5800 Sheppard Avenue E,MLS® E10441346
2306-2 Anndale Drive,MLS® C10441350
605-260 Heath Street W,MLS® C10441349
58 Broadpath Road,MLS® C10441343
15 Rosewood Avenue,MLS® W10441331
1201-211 St Patrick Street,MLS® C10441337
1103-188 Cumberland Street,MLS® C10441335
3213-386 Yonge Street,MLS® C10441324
76 Thirty Fifth Street,MLS® W10441294
12 Dobbin Road,MLS® E10441287
412 Valermo Drive,MLS® W10441259
515-60 Town Centre Court,MLS® E10441252
220-30 Inn On The Park Drive,MLS® C10441244
121-35 Wabash Avenue,MLS® W10441237
810-320 Dixon Road,MLS® W10441216
308-1055 Bay Street,MLS® C10441214
103-96 St Patrick Street,MLS® C10441213
50 Bain Avenue,MLS® E10441208
69 Laing Street,MLS® E10439444
505-1555 Finch Avenue E,MLS® C10441184
3008-161 Roehampton Avenue,MLS® C10441183
910-75 East Liberty Street,MLS® 40679802
3 Paragon Road,MLS® W10441161
35-120 Ling Road,MLS® E10441167
304-68 Yorkville Avenue,MLS® C10441159
265 Hastings Avenue,MLS® E10441028
47 Claver Avenue,MLS® W10440961
327 Concord Avenue,MLS® W10440998
739 Vaughan Road,MLS® C10440982
E-346 Jarvis Street,MLS® C10440981
2 Norcross Road,MLS® C10440955
828-1100 Sheppard Avenue,MLS® W10441141
406-701 Sheppard Avenue W,MLS® C10441146
3210-12 York Street,MLS® C10441145
3303-8 Park Road N,MLS® C10441143
2603-78 Harrison Garden Boulevard,MLS® C10441140
1802-17 Barberry Place,MLS® C10441136
19 Martini Drive,MLS® W10440915
60A Sentinel Road,MLS® W10441033
14 Gray Avenue,MLS® W10441029
15 Stock Avenue,MLS® W10440802
28 Navenby Crescent,MLS® W10441123
322 East Avenue,MLS® E10440712
1803-20 Brin Drive N,MLS® W10441109
413-783 Bathurst Street S,MLS® C10441108
59 Montressor Drive,MLS® C10440953
84 Blantyre Avenue,MLS® E10440897
1808-5 Soudan Avenue,MLS® C10441089
406-5 St Joseph Street,MLS® C10441086
50 Dorset Road,MLS® E10440766
77-100 Burrows Hall Boulevard,MLS® E10441067
312-70 Queens Wharf Road,MLS® C10441080
306-1060 Sheppard Avenue W,MLS® W10441023
103-5155 Sheppard Avenue E,MLS® E10441039
602-1316 Kingston Road,MLS® E10441027
523-270 Wellington Street W,MLS® C10441026
75 Stormont Avenue,MLS® C10440835
90 Stephen Drive,MLS® W10440785
131 Brickworks Lane,MLS® 40679942
713-10 Martha Eaton Way,MLS® W10441020
85 Oakridge Drive,MLS® E10440850
601-1316 Kingston Road,MLS® E10441003
1501-110 Charles Street E,MLS® C10440990
201-42 Camden Street,MLS® C10440983
LPH 6-1 Avondale Avenue,MLS® C10440933
431 Meadowvale Road,MLS® E10440666
4001-2212 Lake Shore Boulevard W,MLS® W10440881
707-3 Hickory Tree Road E,MLS® W10440867
BL131-131 Brickworks Lane,MLS® W10440864
740-333 Adelaide Street E,MLS® C10440891
411-2191 Yonge Street,MLS® C10440869
2605-70 Forest Manor Road,MLS® C10440790
1002-60 Colborne Street,MLS® C10440751
96 Kitchener Road,MLS® E10439879
4228-5 Mabelle Avenue,MLS® W10440726
536-60 Homewood Avenue,MLS® C10440722
1711-3 Rean Drive,MLS® C10440704
123 Gore Vale Avenue,MLS® C10440586
5 Hathway Crescent,MLS® E10440549
106 Glenayr Road,MLS® C10440506
2012-3031 Finch Avenue W,MLS® W10440678
1707-909 Bay Street,MLS® C10440685
12A-22 St Thomas Street,MLS® C10440682
510-475 The West Mall,MLS® W10440641
312-12 Bonnycastle Street,MLS® C10440621
318-1410 Dupont Street,MLS® W10440580
7-431 Military Trail,MLS® E10440594
502-549 King Street E,MLS® C10440600
206-165 Cherokee Boulevard,MLS® C10440573
41 Northumberland Street,MLS® W10440592
3107-70 Queens Wharf Road,MLS® C10440544
224-1787 St Clair Avenue W,MLS® W10440490
LPH5-2230 Lake Shore Boulevard W,MLS® W10439572
25 Redstone Path,MLS® W10439488
412-420 Mill Road,MLS® W10439354
601-2010 Islington Avenue,MLS® W10439222
614-41 Markbrook Lane,Photos Coming Soon
836-5 Mabelle Avenue,MLS® W10439168
1709-1 Lee Centre Drive,MLS® W10434199
1407-10 Northtown Way,MLS® E10440477
316/317-225 Merton Street,MLS® C10440523
305-15 Stafford Street,MLS® C10440522
509-30 Grand Trunk Crescent,MLS® C10440521
4806-21 Iceboat Terrace,MLS® C10440498
2009-8 Lee Centre Drive,MLS® C10440496
1201-3121 Sheppard Avenue E,MLS® E10440473
1015-100 Wingarden Court,MLS® E10438778
5 Northumberland Street,MLS® W10434190
1733 Queen Street East,MLS® 40678188
6-431 Mill Road,MLS® W10434146
11-32 Curzon Street,MLS® E10434189
1705-260 Seneca Hill Drive,MLS® C10434194
2608-15 Holmes Avenue,MLS® C10434156
1728-111 St Clair Avenue W,MLS® C10434152
1207-15 Zorra Street,MLS® W10434121
404-1733 Queen Street E,MLS® E10434134
2007-1 Massey Square,MLS® E10434117
1008-5 Kenneth Avenue,MLS® C10434132
76 Muriel Avenue,MLS® E10434123
91 Merrill Avenue E,MLS® E10434119
353 Victoria Park Avenue,MLS® E10434086
54 Bellevue Avenue,MLS® C10434071
470 Melrose Avenue,MLS® C10434057
1109-1 Massey Square,MLS® E10434061
404-1733 Queen Street E,MLS® E10434134
221-5225 Finch Avenue E,MLS® E10434038
1910-35 Balmuto Street,MLS® C10434039
805-86 Gloucester Street,MLS® C10434027
11 Janellan Terrace N,MLS® E10434018
14 Dombey Road,MLS® W10434008
1506W-36 Lisgar Street,MLS® C10434017
5-74 Upper Canada Drive,MLS® C10433988
26 Heale Avenue,MLS® E10433957
908-1410 Dupont Street,MLS® W10433972
PH05-5580 Sheppard Avenue E,MLS® E10433936
2710-955 Bay Street,MLS® C10433932
1510-5 Parkway Forest Drive,MLS® C10433929
74 Ford Street,MLS® W10433912
3-740 Kennedy Road,MLS® E10433935
59 Fairfield Avenue,MLS® W10433910
714-109 Front Street E,MLS® C10433926
1910-10 Bloorview Place,MLS® C10433918
1401-11 St. Joseph Street,MLS® C10433917
3202-2 Anndale Drive,MLS® C10433897
610-935 Sheppard Avenue W,MLS® C10433894
1203-10 Kenneth Avenue,MLS® C10433881
174 Gamble Avenue,MLS® E10433876
378 O'connor Drive,MLS® E10433860
1504-2045 Lake Shore Boulevard W,MLS® W10433864
503-33 Harbour Square,MLS® C10433859
216-26 Olive Avenue,MLS® C10433832
83 Scott Road,MLS® W10433830
70 Banbury Road,MLS® C10433835
97 Twelfth Street,MLS® W10433816
2 Josephine Road,MLS® C10433823
147 Farnham Avenue,MLS® C10433815
147B Farnham Avenue,MLS® C10433809
507-15 Merchants' Wharf,MLS® C10433825
24A Massey Street,MLS® C10433819
714-300 Front Street W,MLS® C10433805
94 Bartley Drive,MLS® C10433767
1709-275 Bamburgh Circle,MLS® E10433763
2101-50 Lombard Street,MLS® C10433752
17 High Park Gardens,MLS® W10433707
50 King High Avenue,MLS® C10433691
1110-1600 Keele Street,MLS® W10433727
1312-330 Mccowan Road,MLS® E10433697
1915-4725 Sheppard Avenue E,MLS® E10433694
415-118 Merchants' Wharf,MLS® C10433734
213-1200 Don Mills Road,MLS® C10433729
5B-2010 Bathurst Street,MLS® C10433726
1306-83 Redpath Avenue,MLS® C10433725
188 Keewatin Avenue,MLS® C10433685
61 Fulbert Crescent,MLS® E10433643
61 Avis Crescent,MLS® E10433623
1-129 Isaac Devins Boulevard,MLS® W10433656
417-8 Olympic Garden Drive,MLS® C10433657
1704W-27 Bathurst Street,MLS® C10433651
508-18 Yorkville Avenue,MLS® C10433639
403-3 Hickory Tree Road,MLS® W10433605
1207-7 Mabelle Avenue,MLS® W10433588
2305-181 Wynford Drive,MLS® C10433624
1806-2020 Bathurst Street,MLS® C10433596
PH101-199 Richmond Street W,MLS® C10433594
1206-225 Sackville Street,MLS® C10433591
419-30 Tretti Way,MLS® C10433590
1206-62 Wellesley Street W,MLS® C10433586
1611-99 Foxbar Road S,MLS® C10433572
15 Farnsworth Drive,MLS® W10433571
53 Parkhurst Boulevard E,MLS® C10433564
301-740 Eglinton Avenue W,MLS® C10433566
328-25 Cole Street,MLS® C10433565
1612-7 King Street E,MLS® C10433562
102-60 Berwick Avenue,MLS® C10433543
77 Coldstream Avenue,MLS® C10433534
297 Bain Avenue,MLS® E10433527
1109-3 Michael Power Place,MLS® W10433519
113-993 Queen Street W,MLS® C10433522
26 Bigham Crescent,MLS® W10433517
3603-3 Massey Square,MLS® E10433494
338 St Clair Avenue E,MLS® C10433484
802-2191 Yonge Street,MLS® C10433468
123 Perth Avenue,MLS® W10433465
403-403 Church Street,MLS® C10433464
2307-14 York Street,MLS® C10433461
202-130 Rusholme Road,MLS® C10433447
512-352 Front Street W,MLS® C10433432
44 Endean Avenue,MLS® E10433426
PH203-75 Canterbury Place,MLS® C10433423
1711-15 Grenville Street,MLS® C10433419
3501-85 Queens Wharf Road,MLS® C10433417
401-1 Ripley Avenue S,MLS® W10433410
34 Loggerhead Grove,MLS® E10433404
1411-100 Hayden Street,MLS® C10433378
PH110-18 Hillcrest Avenue,MLS® C10433373
802-1103 Leslie Street,MLS® C10433357
1901-10 Martha Eaton Way,MLS® W10433346
401-449 Walmer Road,MLS® C10433321
6 Lyall Avenue,MLS® E10433306
427 Strathmore Boulevard,MLS® E10433291
N337-7 Golden Lion Heights,MLS® C10433284
812-7 Lorraine Drive,MLS® C10433251
83 Chestnut Crescent,MLS® E10433234
43 Rivers Edge Drive,MLS® W10433217
39 Graybark Crescent,MLS® E10433216
57-39 Lexington Avenue,MLS® W10433208
1505-59 Annie Craig Drive,MLS® W10433196
502-30 Nelson Street,MLS® C10433210
365B Roehampton Avenue,MLS® C10433205
2307-70 Forest Manor Road,Photos Coming Soon
28A Givins Street,MLS® C10433188
555 Markham Street,MLS® C10433179
3303-390 Cherry Street,MLS® C10433159
233 Robina Avenue,MLS® C10433160
35 Kenworthy Avenue,MLS® C10433145
565 Markham Street,MLS® E10433127
609-68 Merton Street,MLS® C10433134
198 B Moore Avenue,MLS® C10433107
5-213-50 Old Kingston Road,MLS® C10433093
1610-2466 Eglinton Avenue E,MLS® E10433082
428-181 Sheppard Ave Avenue S,MLS® E10433059
1007-360 Bloor Street E,MLS® C10433057
39 Buckley Crescent,MLS® C10433029
137-34 Venetian Crescent,MLS® W10433024
705-1 Lomond Drive,MLS® W10433017
201-28 Pemberton Avenue,MLS® W10876595
2210-299 Mill Road,MLS® W10432987
807-10 Park Lawn Road,MLS® W10432972
56 Magpie Crescent,MLS® C10432977
36 Newlin Crescent,MLS® W10432975
415 Concord Avenue,MLS® W10432946
12F-86 Gerrard Street E,MLS® C10432938
39 Century Drive,MLS® E10432916
3 Somerville Avenue,MLS® W10432913
16 Farm Greenway,MLS® C10432924
35 Dayton Avenue,MLS® W10432876
108-5155 Sheppard Avenue E,MLS® E10432865
1007-70 Alexander Street,MLS® C10432879
460 Adelaide Street E,MLS® C10432875
2 Glamorgan Avenue,MLS® 40679270
#213-3865 Lake Shore Boulevard W,MLS® W10432843
3512-208 Queens Quay Boulevard W,MLS® C10432857
66 Cliff Street,MLS® W10432814
1811-410 Mclevin Avenue,MLS® E10432805
216-115 Bonis Avenue,MLS® E10432798
710-859 The Queenways,MLS® W10432635
107 SE-60 Princess Street,MLS® C10432804
111-1183 Dufferin Street,MLS® W10432764
1123-3 Greystone Walk Drive,MLS® E10432766
6 Lailey Crescent,Photos Coming Soon
18 Gillespie Avenue,MLS® C10432761
212-760 The Queens Way,MLS® W10432746
516-25 Laidlaw Street,MLS® W10432732
3015-1 Massey Square,MLS® W10432724
105 SE-60 Princess Street,MLS® E10432747
808-125 Western Battery Road,MLS® C10432757
5204-50 Old Kingston Road,MLS® C10432730
317-5 Northtown Way,MLS® E10432702
332-30 Shore Breeze Drive,MLS® C10432703
407-501 St. Clair Avenue W,MLS® W10432666
169 Ashdale Avenue,MLS® C10432655
710-859 The Queensway,MLS® W10432635
PH501-38 Lee Centre Drive,MLS® E10432619
414 Bedford Park Avenue,MLS® C10432586
610-36 Zorra Street,MLS® W10432601
620-36 Zorra Street,MLS® W10432596
TH9-36 Zorra Street,MLS® W10432592
3304-36 Zorra Street,MLS® W10432587
1403-236 Albion Road,MLS® W10432576
106-872 Sheppard Avenue W,MLS® C10432571
24A Beachell Street,MLS® E10432564
25 Armitage Drive,MLS® E10432557
420-88 Colgate Avenue,MLS® E10432553
1103-10 Muirhead Road,MLS® C10432550
3209-252 Church Street,MLS® C10432531
27 Charleston Road,MLS® W10432544
24 Carousel Court,MLS® W10432534
9 Avon Park Drive,MLS® W10432524
170 Burndale Avenue,MLS® C10432520
7 Canton Avenue,MLS® W10432494
802-859 The Queensway,MLS® W10432473
101-1183 Dufferin Street,MLS® W10432464
701-90 Glen Everest Road,MLS® E10432451
2704-89 Dunfield Avenue,MLS® C10432486
505-47 Mutual Street,MLS® C10432452
208-1100 Sheppard Avenue W,MLS® W10432437
153-25 Viking Lane,MLS® W10432418
4407-395 Bloor Street E,MLS® C10432441
1907-5500 Yonge Street,MLS® C10432410
52 Judy Sgro Avenue,MLS® W10432408
907-840 Queens Plate Drive,MLS® W10432346
1604-1 Market Street,MLS® C10432399
303-70 Old Sheppard Avenue,MLS® C10432398
704-500 Dupont Street,MLS® C10432397
2613-170 Fort York Boulevard,MLS® C10432383
TH 141-21 Ruttan Street,MLS® C10432368
404-1486 Bathurst Street,MLS® C10432360
358 Sammon Avenue,MLS® E10432361
111 Camborne Avenue,MLS® W10432341
426-80 Marine Parade Drive,MLS® W10432313
301-10 Capreol Court,MLS® C10432339
907-185 Roehampton Avenue,MLS® C10432321
730-460 Adelaide Street E,MLS® C10432316
3010-39 Roehampton Avenue,MLS® C10432314
56 Elfreda Boulevard,MLS® E10432318
613 Dufferin Street,MLS® C10432300
216-20 Bloorview Place,MLS® C10432283
3105-390 Cherry Street,MLS® C10432267
410-295 Adelaide Street W,MLS® C10432254
2810-88 Sheppard Avenue E,MLS® C10432249
15 Edgewood Grove,MLS® E10432266
416-80 Coe Hill Drive,MLS® W10432201
1605-30 Canterbury Place,MLS® C10432229
61 Fairview Avenue,MLS® W10432190
410-45 Silverstone Drive,MLS® W10432177
3407-15 Viking Lane,MLS® W10432155
406-2720 Dundas Street W,MLS® W10432142
1109-125 Village Green Square,MLS® E10432090
511-8 Pemberton Avenue,MLS® C10432122
195 Phyllis Avenue,MLS® E10432118
476 Bedford Park Avenue,MLS® C10432104
4 Pinehurst Crescent,MLS® W10432089
26 Dunedin Drive,MLS® W10432065
407-1070 Sheppard Avenue W,MLS® W10432041
1203-2A Church Street,MLS® C10432079
8 Brynhurst Court,MLS® C10432045
1104-8 York Street,MLS® C10432026
UPH19-21 Nelson Street,MLS® C10432016
TH115-50 Dunfield Avenue,MLS® C10431997
917-1700 Eglinton Avenue E,MLS® C10431989
19 Tobruk Crescent,MLS® C10431977
337-40 Oaklands Avenue,MLS® C10431961
614-98 Strachan Avenue,MLS® C10431956
TH116-50 Dunfield Avenue,MLS® C10431955
515-111 Elizabeth Street,MLS® C10431945
812-80 Front Street E,MLS® C10431941
118 Glencrest Boulevard,MLS® E10431934
416 Sackville Street,MLS® C10431939
11 Prince Rupert Avenue,MLS® W10431914
60 Bushey Avenue,MLS® W10431908
55 Deanscroft Square,MLS® E10431923
210-800 King Street W,MLS® C10431900
123-1 Benvenuto Place,MLS® C10431898
9 Ivy Green Crescent,MLS® E10431880
703-1 Concorde Place,MLS® C10431858
33 Morgan Avenue,MLS® W10431867
279 Blythwood Road,MLS® C10431831
602-350 Alton Towers Circle,MLS® E10431848
405-3233 Eglinton Avenue E,MLS® E10431842
S210-120 Bayview Avenue,MLS® C10431812
913-629 King Street W,MLS® C10431800
PH 1-225 Brunswick Avenue,MLS® C10431793
2003-1080 Bay Street,MLS® C10431780
27 Glen Elm Avenue,MLS® C10431778
87 Northey Drive,MLS® C10431772
225 Dunforest Avenue,MLS® C10431769
65 Primula Crescent,MLS® W10431753
2800 Weston Road,MLS® W10431735
172 Huron Street,MLS® C9236889
170 Huron Street,MLS® C9236886
2415-25 Richmond Street E,MLS® C10431719
2503-403 Church Street,MLS® C10431711
10 Stuart Avenue,MLS® C10431702
410-10 Northtown Way,MLS® C10431693
514-1808 St Clair Avenue W,MLS® W10431680
721-20 Bruyeres Mews,MLS® C10431659
708-36 Forest Manor Road,MLS® C10431657
1703-85 East Liberty Street,MLS® C10431653
205-1328 Birchmount Road,MLS® E10431645
176 Rosemount Avenue,MLS® W10431634
52 Roxanne Crescent,MLS® E10431638
2207-51 East Liberty Street,MLS® C10431611
135 Hope Street,MLS® W10431601
877 Logan Avenue,MLS® E10431607
4407-8 Eglinton Avenue E,MLS® C10431591
4403-70 Annie Craig Drive,MLS® W10431579
807-18 Harrison Garden Boulevard,MLS® C10431578
3009-375 King Street W,MLS® C10431572
293 Melrose Street,MLS® W10431568
1832-525 Adelaide Street W,MLS® C10431567
1802-20 Thomas Riley Road,MLS® W10431547
101-17 Kenaston Gardens,MLS® C10431548
1310-2 Sonic Way,MLS® C10431541
25 Bellamy Road S,MLS® E10431537
2002-195 Mccaul Street,MLS® C10431532
5001-70 Annie Craig Drive,MLS® W10431510
6 Beaumaris Crescent,MLS® W10431496
227-50 George Butchart Drive,MLS® W10431503
305-5 Mariner Terrace,MLS® C10431498
47 Fusilier Drive,MLS® E10431488
908-81 Wellesley Street E,MLS® C10431477
16 Arkley Crescent,MLS® W10431461
805 Windermere Avenue,MLS® W10431452
1410-365 Church Street,MLS® C10431446
2511-130 River Street,MLS® C10431416
49 Hillary Avenue,MLS® W10431401
247-249 High Park Avenue,MLS® W10431388
81 Scarborough Heights Boulevard,MLS® E10431390
913-9 Four Winds Drive,MLS® W10431397
2407-24 Wellesley Street W,MLS® C10431393
2901-35 Hayden Street,MLS® C10431379
1203-10 Queens Quay W,MLS® C10431354
320-36 Zorra Street,MLS® W10431334
2305-3 Michael Power Place,MLS® W10431328
705-51 Trolley Crescent,MLS® C10431321
79 Natal Avenue,MLS® E10431295
920-451 The West Mall,MLS® W10431297
2634-165 Legion Road N,MLS® W10431288
UNIT 4-240 Broadway Avenue,MLS® C10431308
1211-100 Harrison Garden Boulevard,MLS® C10431307
308-33 Mill Street,MLS® C10431287
361 Maple Leaf Drive,MLS® W10431253
2411-210 Victoria Street,MLS® C10431282
501-151 Avenue Road,MLS® C10431281
1603-80 John Street,MLS® C10431276
811-25 Stafford Street,MLS® C10431263
1603-80 John Street,MLS® C10431276
309 Birchmount Road,MLS® E10431267
231-830 Lawrence Avenue,Office
TH1-205 Bonis Avenue,MLS® W10431243
2045-38 Grand Magazine Street,MLS® E10431223
1203-33 Bay Street,MLS® C10431246
626-500 Wilson Avenue,MLS® C10431235
130 Calvington Drive,MLS® C10431224
14-260 Twelfth Street,MLS® W10431208
PH1-10 Meadowglen Place,MLS® W10431185
2506-20 Edward Street,MLS® E10431210
171 Sloane Avenue,MLS® C10431207
31 Liscombe Road,MLS® C10431192
168 Mckee Avenue,MLS® W10431164
508-101 Prudential Drive,MLS® C10431162
26 Cherrydale Court,MLS® E10431163
406-60 Haslett Avenue Road,MLS® E10431134
30 Lower Village Gate,MLS® E10431099
805-17 Kenaston Gardens,MLS® C10431139
807-9 Bogert Avenue,MLS® C10431136
803-29 Singer Court,MLS® C10431119
611-501 Adelaide Street W,MLS® C10431109
205-123 Portland Street,MLS® C10431096
91 Fortieth Street,MLS® W10431100
31 Lesterwood Crescent,MLS® E10431107
1211-2121 Lake Shore Boulevard W,MLS® W10431092
2021-800 Lawrence Avenue W,MLS® W10431072
38-55 Brimwood Boulevard,MLS® E10431067
49-40 Dundalk Drive W,MLS® E10431062
406-20 Forest Manor Road,MLS® C10431089
3409-21 Carlton Street,MLS® C10431086
S216-120 Bayview Avenue,MLS® C10431063
213-295 Davenport Road,MLS® C10431046
67 Mcadam Avenue,MLS® W10431000
623-88 Colgate Avenue,MLS® E10430998
N204-120 Bayview Avenue,MLS® C10431020
1702W-36 Lisgar Street,MLS® C10431017
1211-195 Mccaul Street,MLS® C10431006
1004-158 Front Street E,MLS® C10430982
16 Coxwell Avenue,MLS® E10430985
37 Regina Avenue,MLS® C10430967
5 Vanity Court,MLS® C10430956
1909-77 Harbour Square,MLS® C10430973
310 Lee Avenue,MLS® E10430907
410-100 Lotherton Pathway,MLS® W10430863
TH 112-60 Homewood Avenue,MLS® C10430894
1104-123 Portland Street,MLS® C10430884
321-3 Market Street,MLS® C10430878
PH2-77 Maitland Place,MLS® C10430862
84 Laskay Crescent,MLS® W10430868
20 Mayall Avenue,MLS® W10430851
1204-15 Mercer Street,Photos Coming Soon
1023-39 Queens Quay E,MLS® C10430849
11 Morland Road,MLS® C10430847
73 Glen Springs Drive,MLS® W10430799
401-50 Brian Harrison Way,MLS® E10430806
501-280 Donlands Avenue,MLS® E10430791
2037-33 Harbour Square,MLS® C10430787
1 Silversted Drive,MLS® E10430773
30 Gwendolen Avenue,MLS® C10430776
413-3085 Bloor Street W,MLS® W10430761
611-210 Victoria Street,MLS® C10430769
1018-20 Richardson Street,MLS® C10430768
TH7-175 Pears Avenue,MLS® C10430766
613-99 Broadway Avenue,MLS® C10430738
146 Coleridge Avenue,MLS® E10430755
38 Lorraine Drive,MLS® C10430753
53 Satok Terrace,MLS® E10430736
4 Flatwoods Drive,MLS® E10430731
1903-55 Ontario Street,MLS® C10430704
16 Stanley Avenue,MLS® W10430692
303-170 Fort York Boulevard,MLS® C10430691
4401-87 Peter Street,MLS® C10430667
45 Strathmore Boulevard,MLS® E10430683
336 St Germain Avenue,MLS® C10430647
708-38 Fontenay Court,MLS® W10430627
1308-15 Bruyeres Mews,MLS® C10430641
PH1408-629 King Street W,MLS® C10430640
2105-8 The Esplanade,MLS® C10430632
S318-120 Bayview Avenue,MLS® C10430601
61 Laurentide Drive W,MLS® C10430576
802-801 King Street W,MLS® C10430578
101-250 Lawrence Avenue W,MLS® C10430562
521 Lansdowne Avenue,MLS® C10430525
2121-238 Bonis Avenue,MLS® E10430518
33 Hampton Avenue,MLS® E10430505
8 Lantern Court,MLS® E10430491
1112-14 York Street,MLS® C10430498
6 Wortham Drive S,MLS® E10430481
302 Winona Drive,MLS® C10430452
203-265 Poplar Plains Road,MLS® C10430468
611-6 Parkwood Avenue,MLS® C10430465
2105-33 Mill Street,MLS® C10430453
22 Bimini Crescent,MLS® W10430445
215 Ridley Boulevard,MLS® C10430403
1405-2721 Victoria Park Avenue,MLS® E10430428
602-10 Willison Square,MLS® C10430426
PH1-99 Avenue Road,MLS® C10430423
301-3 Southvale Drive,MLS® C10430399
106 Cameron Avenue,MLS® W10430335
303 Ridley Boulevard,MLS® C10430400
34 Pleasant View Drive,MLS® C10430385
66 Arleta Avenue,MLS® W10430340
14-25 Foundry Avenue,MLS® W10430354
602-383 Sorauren Avenue,MLS® W10430334
61 Heaslip Terrace,MLS® E10430337
73 Neilson Avenue,MLS® E10430326
223 Byng Avenue,MLS® C10430330
1011-2020 Mcnicoll Avenue,MLS® E10430278
3001-9 Bogert Avenue,MLS® C10430307
710-158 Front Street E,MLS® C10430303
29 Checkendon Drive,MLS® W10430266
136 Regina Avenue,MLS® C10430279
51 Glenholme Avenue,MLS® C10430269
2081-65 George Appleton Way,MLS® W10430254
351 Deloraine Avenue,MLS® C10430240
58 Fern Avenue,MLS® W10430214
165 Roxborough Drive,MLS® C10430233
946-25 Viking Lane,MLS® W10430201
104-580 Kingston Road,MLS® E10430192
1401-3000 Bathurst Street,MLS® C10430198
706-56 Annie Craig Drive,MLS® W10430186
909-2212 Lakeshore Boulevard W,MLS® W10430168
106-2000 Bloor Street W,MLS® W10430164
118-50 George Butchart Drive,MLS® W10430157
515-10 Drummond Street,MLS® W10430146
2705-185 Roehampton Avenue,MLS® C10430158
3708-95 Mcmahon Drive,MLS® C10430150
32 Swan Avenue,MLS® W10430153
359 Westmoreland Avenue,MLS® W10430144
34 Horsham Avenue,MLS® C10430132
49 Rollscourt Drive,MLS® C10430126
186 Chisholm Avenue,MLS® E10430093
547 Eastern Avenue,MLS® E10430089
4406-1 Palace Pier Court,MLS® W10430116
704-70 Mill Street,MLS® C10430138
1711-55 Mercer Street,MLS® C10430114
117-1210 Don Mills Road,MLS® C10430086
329 Boon Avenue,MLS® W10430038
211-200 Sudbury Street,MLS® C10430039
1601-1 King Street W,MLS® C10430016
908-51 East Liberty Street,MLS® C10430008
850 Cosburn Avenue,MLS® E10430001
506-77 Lombard Street,MLS® 40643958
308-101 Subway Crescent,MLS® W10429990
15 Alton Avenue,MLS® E10429982
56 Huntingdale Boulevard,MLS® E10429981
12 Kenton Drive,MLS® C10429961
2704-14 York Street,MLS® C10429960
721-170 Sumach Street,MLS® C10429954
42 Orley Avenue,MLS® E10429934
2010E-1926 Lake Shore Boulevard W,MLS® W10429943
2734-165 Legion Road N,MLS® W10429936
201 Gledhill Avenue,MLS® E10429925
1917-5 Greystone Walk Drive,MLS® E10429918
1607-188 Doris Avenue,MLS® C10429909
52 Sunnydene Crescent,MLS® C10429900
PARKING-505 Richmond Street W,MLS® C10429887
62 Lanark Avenue,MLS® C10429882
1201-505 Richmond Street W,MLS® C10429884
4002-55 Cooper Street,MLS® C10429880
910-10 Park Lawn Road,MLS® W10429835
1908-75 Wynford Heights Crescent,MLS® C10429830
510-20 Edward Street,MLS® C10429825
138 Winston Park Boulevard,MLS® W10429820
96-14 London Green Court W,MLS® W10429789
PH112-138 Downes Street,MLS® C10429783
112-55 Regent Park Boulevard,MLS® C10429782
154 Sumach Street,MLS® C10429778
712-77 Lombard Street,MLS® C10429770
213-1403 Royal York Road,MLS® W10429764
18-59 Lexington Avenue N,MLS® W10429738
1212-509 Beecroft Road,MLS® C10429741
1-81 Shuter Street,MLS® C10429711
442 Pharmacy Avenue W,MLS® E10429703
339 Rouge Hills Drive,MLS® E10429689
2620-50 Dunfield Avenue,MLS® C10429658
64 Mulholland Avenue,MLS® W10429645
1208-5 Valhalla Inn Road,MLS® W10429625
902-255 Village Green Square,MLS® E10429604
2506-55 Ann O'reilly Road,MLS® C10429612
57 Meadowbank Road,MLS® W10429618
43 Magnolia Avenue,MLS® E10429607
14 Kildonan Drive,MLS® E10429586
202-3 Southvale Drive,MLS® C10429562
308 Glenholme Avenue W,MLS® C10429567
523-30 Shore Breeze Drive,MLS® W10429534
520-4208 Dundas Street W,MLS® W10429531
907-27 Mcmahon Drive,MLS® C10429537
403-28 Wellesley Street E,MLS® C10429525
4408-197 Yonge Street,MLS® C10429504
1806-11 Charlotte Street,MLS® C10429503
28 Bellman Avenue,MLS® W10429485
219-437 Roncesvalles Avenue,MLS® W10429471
309-2550 Lawrence Avenue E,MLS® E10429474
404-2625 Dundas Street W,MLS® W10429441
19 Donalda Crescent,MLS® E10429398
533A Mcroberts Avenue,MLS® W10429378
227-955 Queen Street W,MLS® C10429388
902-35 Fontenay Court,MLS® W10429337
238 George Street,MLS® C10429321
2-371 Wallace Avenue,MLS® W10429316
3902-9 Bogert Avenue,MLS® C10429319
PH7-1700 Eglinton Avenue E,MLS® C10429310
317-1169 Queen Street W,MLS® C10429303
808-38 Avenue Road,MLS® C10429285
53 Wilson Park Road,MLS® W10429298
1427 Lansdowne Avenue W,MLS® W10429290
112 Pinery Trail,MLS® E10429281
1 Palace Pier Court,MLS® 40678397
1811-15 Lower Jarvis Street,MLS® C10429271
624-783 Bathurst Street,MLS® C10429259
15 Tudor Gate,MLS® C10429265
1802-82 Dalhousie Street,MLS® C10429245
1008-1055 Bay Street,MLS® C10429211
39 Greengrove Crescent,MLS® C10429213
2212-370 Dixon Road,MLS® W10429205
4406-1 Palace Pier Court,MLS® W10430116
2504-25 Holly Street,MLS® C10429202
36 Boniface Avenue,MLS® W10429159
1255 Warden Avenue,MLS® E10429181
42 Linton Avenue,MLS® E10429169
24-28 Marina Avenue,MLS® W10429140
527-22 East Haven Drive,MLS® E10429165
TH5-60 Carr Street,MLS® C10429166
701-17 Zorra Street,MLS® W10429134
205-2287 Lake Shore Boulevard W,MLS® W10429105
205-385 Brunswick Avenue,MLS® C10429136
2009-750 Bay Street,MLS® C10429132
804-77 Charles Street W,MLS® C10429124
2703-85 Skymark Drive,MLS® C10429119
17 Preakness Drive,MLS® C10429103
524-1 Old Mill Drive W,MLS® W10429057
103-342 Spadina Road,MLS® C10429077
10 Fleetwood Avenue,MLS® W10429051
19 Dallington Drive,MLS® C10429034
506-15 Richardsons Street,MLS® 40678403
4406-14 York Street,MLS® C10429054
806-21 Balmuto Street W,MLS® C10429029
3003-327 King Street W,MLS® C10429025
41 Katrina Court,MLS® W10429007
56 Branstone Road,MLS® W10429005
413-201 Carlaw Avenue,MLS® E11215735
1215-30 Tretti Way,MLS® C10428981
1 & 3 Blithfield Avenue,MLS® C10426078
3115-319 Jarvis Street,MLS® C10428964
114-3830 Bathurst Street,MLS® C10428961
214 Mortimer Avenue,MLS® E10428917
1518-3050 Ellesmere Road,MLS® E10428898
2708-281 Mutual Street,MLS® C10428920
303-28 Olive Avenue,MLS® C10428904
1405-15 Queens Quay E,MLS® C10428901
104 Shady Hollow Drive,MLS® E10428895
505-2901 Kipling Avenue,MLS® W10428858
606-2460 Eglinton Avenue E,MLS® E10428849
4205-50 Charles Street E,MLS® C10428874
1402-660 Sheppard Avenue E,MLS® C10428870
4513-87 Peter Street,MLS® C10428853
632 Woodbine Avenue,MLS® E10428834
78 Shields Avenue,MLS® C10428816
1407-90 Ling Road,MLS® E10428804
210-50 Ann O'reilly Road,MLS® C10428802
48 Clairtrell Road,MLS® C10428790
21 Gannet Road,MLS® E10428796
16-18 Page Street,MLS® C10428784
837 Royal York Road,MLS® W10428805
1313-250 Scarlett Road,MLS® W10428762
1715-60 Heintzman Street,MLS® W10428750
1003-2628 Mccowan Road,MLS® E10428778
216-684 Warden Avenue,MLS® E10428775
PH 202-23 Hollywood Avenue,MLS® C10428782
940-39 Queens Quay E,MLS® C10428749
24 Leahurst Drive,MLS® E10428717
197 Argyle Street,MLS® C10428706
1-199 High Park Avenue,MLS® W10428702
202-57 St Joseph Street,MLS® C10428700
506-58 Orchard View Boulevard,MLS® C10428692
1106-330 Richmond Street W,MLS® C10428684
317-10 Edgecliff Golfway,MLS® 40675068
112 Rosethorn Avenue,MLS® W10428664
1250 Davenport Road,MLS® W10428642
1621-165 Legion Road,MLS® W10428599
5-155 Woodbine Avenue,MLS® E10428621
PH 24-25 Greenview Avenue,MLS® C10428622
412-17 Zorra Street,MLS® W10428570
106-25 Ritchie Avenue,MLS® W10929769
205-2628 Mccowan Road,MLS® E10428551
306-778 Sheppard Avenue W,MLS® C10930030
801-2600 Bathurst Street,MLS® C10428554
2504-10 Northtown Way,MLS® C10428545
67 Walmsley Boulevard,MLS® C10428539
3 Lochway Court,MLS® W10428542
82 Sedgemount Drive,MLS® E10428546
101 Old Colony Road,MLS® C10428550
405-2240 Lakeshore Boulevard W,MLS® W10428535
408-10 Delisle Avenue,MLS® C10428527
1612-2181 Yonge Street,MLS® C10428524
2115-4978 Yonge Street,MLS® C10428510
804-6 Sonic Way,MLS® C10428503
619-255 Richmond Street E,MLS® C10428497
1802-1360 York Mills Road N,MLS® C10428480
83 Eastwood Avenue,MLS® E10428472
1170 Craven Road,MLS® E10428444
328-2645 Jane Street,MLS® W10428467
805-3650 Kingston Road,MLS® E10428437
617-44 St Joseph Street,MLS® C10428463
64-1075 Ellesmere Road,MLS® E10428412
3803-81 Navy Wharf Court,MLS® C10428403
810-120 St. Patrick Street,MLS® C10428397
31 St Lucie Drive,MLS® W10428394
9 O'connor Drive,MLS® E10428396
100 Caroline Avenue,MLS® E10428392
2B Carluke Crescent,MLS® C10428383
1019A-700 Humberwood Boulevard,MLS® W10428386
527-55 Regent Park Boulevard,MLS® C10428393
319-955 Bay Street,MLS® C10428368
207-200 Sudbury Street,MLS® C10428366
79 Redgrave Drive,MLS® W10428361
203-363 Sorauren Avenue,MLS® W10428357
1002-155 Beecroft Road,MLS® C10428364
1802-397 Front Street W,MLS® C10428355
145 Raponi Circle,MLS® E10428348
22 Furlong Court,MLS® E10428343
314-55 De Boers Drive,MLS® W10428345
592 O'connor Drive,MLS® E10428341
49 Graystone Gardens,MLS® W10428332
104-38 William Carson Crescent,MLS® C10428318
301-1205 Queen Street W,MLS® C10428313
306-20 Burkebrook Place,MLS® C10428311
28 Relroy Court,MLS® E10428309
2514-30 Shorebreeze Drive,MLS® W10428308
521-775 King Street W,MLS® C10428302
1009-120 Parliament Street,MLS® C10428291
609-1 Gloucester Street,MLS® C10428287
106 Willow Avenue,MLS® E10428284
106 Willow Avenue,MLS® E10428284
110 Mcallister Road,MLS® C10428277
106-3740 Don Mills Road,MLS® C10428283
2410-37 Grosvenor Street,MLS® C10428278
202-28 Wellesley Street E,MLS® C10428263
617-1787 St. Clair Avenue W,MLS® W10428260
36 Tealham Drive,MLS® W10428247
1811-1080 Bay Street,MLS® C10428251
A21-296 Mill Road,MLS® W10428245
13-40 Mendelssohn Street W,MLS® E10428244
643 Beresford Avenue,MLS® W10428241
1004-560 King Street W,MLS® C10428230
1516-175 Bamburgh Circle,MLS® E10428218
75 Chelliah Court S,MLS® E10428215
22 Bluebird Place,MLS® E10428210
2708-36 Lee Centre Drive,MLS® E10428204
4203-17 Bathurst Street,MLS® C10428199
1609-36 Lee Centre Drive,MLS® E10428188
3103-11 Brunel Court,MLS® C10428183
906-10 Oak Street,MLS® C10428176
36 Zorra Street,MLS® 40678468
83 Corinthian Boulevard,MLS® E10428154
27 Felan Crescent,MLS® W10428142
1305-36 Zorra Street,MLS® W10428143
406-150 East Liberty Street S,MLS® C10428126
410-10 Oak Street,MLS® C10428115
418-700 King Street W,MLS® C10428112
68-16 Tranter Trail,MLS® E10428097
6116-388 Yonge Street W,MLS® C10428067
117 Wedgewood Drive,MLS® C10428069
131 Donlands Avenue,MLS® E10428053
503-437 Roncesvalles Avenue,MLS® W10428044
320-238 Bonis Avenue,MLS® E10428033
407-330 Mccowan Road,MLS® E10428021
PH06-185 Legion Road N,MLS® W10428017
601-278 Bloor Street E,MLS® C10428003
176 Lake Shore Drive,MLS® W10428000
15 Lighthall Crescent,MLS® E10427985
2606-20 Shore Breeze Drive,MLS® W10427968
911-360 Ridelle Avenue W,MLS® W10427963
11-100 Coxwell Avenue,MLS® E10427956
401-185 Alberta Avenue,MLS® C10427949
81 Kingslake Road,MLS® C10427898
3711-2191 Yonge Street,MLS® C10427895
223-30 Merchant Lane,MLS® C10427870
505-2645 Kipling Avenue,MLS® W10427831
2507-12 York Street,MLS® C10427824
503-192 Jarvis Street,MLS® C10427816
4512-70 Temperance Street,MLS® C10427810
52-30 Chichester Place,MLS® E10427803
610-25 Adra Grado Way,MLS® C10427800
25 Eastwood Avenue,MLS® E10427789
TH 92-20 William Jackson Way,MLS® W10427788
2507-37 Grosvenor Street,MLS® C10427780
605-15 Holmes Avenue N,MLS® C10427773
507-255 Village Green Square,MLS® E10427761
953-25 Adra Grado Way,MLS® C10427754
1510-1060 Sheppard Avenue W,MLS® W10427750
2804-30 Gibbs Road,MLS® W10427747
1609-2033 Kennedy Road,MLS® E10427714
2710-225 Village Green Square,MLS® E10427712
1008-2033 Kennedy Road,MLS® E10427698
58 Frankton Crescent,MLS® W10427678
125 Renault Crescent,MLS® W10427673
101-323 Kingston Road,MLS® E10427668
504-200 Sudbury Street,MLS® C10427604
1505-295 Adelaide Street W,MLS® C10427571
225 Lauder Avenue,MLS® C10427536
88 Chipwood Crescent,MLS® C10427520
323-39 Annie Craig Drive W,MLS® W10427503
106-4062 Lawrence Avenue E,MLS® E10427494
1204-1190 Dundas Street E,MLS® E10427483
613-55 Lombard Street,MLS® C10427482
2 Allonsius Drive,MLS® W10427475
303-64 Sidney Belsey Crescent,MLS® W10427452
2402-60 Town Centre Court,MLS® E10427455
3402-65 Bremner Boulevard,MLS® C10427440
1403-5 Michael Power Place,MLS® W10427429
PH 1107-280 Donlands Avenue,MLS® E10427426
1711-319 Jarvis Street,MLS® C10427435
4617-319 Jarvis Street,MLS® C10427430
1602-319 Jarvis Street,MLS® C10427423
915-319 Jarvis Street,MLS® C10427421
1709-20 Edward Street,MLS® C10427417
18 Goa Court,MLS® W10427405
411-39 Roehampton Avenue,MLS® 40648833
604-38 Forest Manor Road,MLS® C10427363
106-250 John Garland Boulevard,MLS® W10427359
2607-110 Charles Street E,MLS® C10427357
38 Devondale Avenue,MLS® C10427353
403-921 Midland Avenue,MLS® E10427342
32 Sadlee Cove Crescent,MLS® E10427329
163 Torbarrie Road,MLS® W10427325
10B Chauncey Avenue,MLS® W10427318
1502-28 Freeland Street,MLS® C10427295
2103-28 Freeland Street,MLS® C10427291
903-10 Capreol Court,MLS® C10427289
808-62 Forest Manor Road S,MLS® C10427280
327-8 Tippett Road,MLS® C10427277
810-15 Maplewood Avenue,MLS® C10427263
1702-27 Bathurst Street,MLS® C10427261
3512-20 Lombard Street,MLS® C10427256
8-70 Thomas Mulholland Drive,MLS® W10427257
6-36 Mendota Road,MLS® W10427252
41 Timbercreek Court,MLS® E10427248
226 Oakridge Drive,MLS® E10427242
318-318 King Street E,MLS® C10427249
2105-8 Eglinton Avenue E,MLS® C10427233
90A Bicknell Avenue,MLS® W10427224
304-80 Esther Lorrie Drive,MLS® W10427226
909-70 Queens Wharf Road,MLS® C10427225
928-38 Joe Shuster Way,MLS® W10427217
103-25 Neighbourhood Lane,MLS® W10427206
10-40 Westmoreland Avenue,MLS® W10427196
907-2 Glamorgan Avenue,MLS® E10427173
431-26 Gibbs Road,MLS® W10427161
12-14 Dartford Road,MLS® E10427156
1603-10 Wilby Crescent,MLS® W10427140
822-830 Lawrence Avenue,MLS® W10427118
1005-319 Jarvis Street,MLS® C10427086
803-319 Jarvis Street,MLS® C10427084
2916-319 Jarvis Street,MLS® C10427082
508-7 Mabelle Avenue,MLS® W10427056
25-1121 Sandhurst Circle,MLS® E10427063
15 Justice Gardens,MLS® W10427043
1910-286 Main Street,MLS® E10427048
621-10 Park Lawn Road,MLS® W10426961
53 Ferrier Avenue,MLS® E10426966
88 Blue Jays Way,MLS® C10426944
369 Patricia Avenue,MLS® C10426897
1010-36 Lisgar Street,MLS® C10426912
10 Edgecliff Golfway,MLS® 40675068
18 Kipling Grove Court,MLS® W10426872
3307-20 Richardson Street,MLS® C10426856
3204-20 Richardson Street,MLS® C10426852
PH42-18 Mondeo Drive,MLS® E10426830
107-1701 Mccowan Road,MLS® E10426824
5-70 Byng Avenue,MLS® C10426817
1501-551 The West Mall,MLS® W10426771
401 Carlton Street,MLS® C10426768
1007-859 The Queensway,MLS® W10426751
1531-68 Corporate Drive,MLS® E10426735
2005-633 Bay Street,MLS® C10426737
136 Monarch Park Avenue,MLS® E10426712
1902-43 Eglinton Avenue E,MLS® C10426699
73 Castle Frank Crescent,MLS® C10426690
414-1 Ripley Avenue,MLS® W10426628
40 Linton Avenue,MLS® E10426629
169 Lappin Avenue,MLS® W10426619
1708-43 Eglinton Avenue E,MLS® C10426620
3129-28 Widmer Street,MLS® C10426604
510-20 Brin Drive,MLS® W10426587
3108-255 Village Green Square,MLS® E10426569
2317-82 Dalhousie Street,MLS® C10426583
507-20 Scrivener Square,MLS® C10426581
220 Gracefield Avenue,MLS® W10426556
62 Northfield Road,MLS® E10426531
171 Cedric Avenue,MLS® C10426553
2406-33 Shore Breeze Drive,MLS® W10426523
221-60 Mendelssohn Street,MLS® E10426518
806-2045 Lake Shore Boulevard W,MLS® W10426485
1210-55 Harrison Garden Boulevard,MLS® C10426481
1201-121 Mcmahon Drive,MLS® C10426452
2512-15 Greenview Avenue,MLS® C10426433
1109-2 Clairtrell Road,MLS® C10426428
1303-832 Bay Street,MLS® C10426415
518E-30 Fashion Roseway,MLS® C10426407
44 Branstone Road,MLS® W10426418
411 Murray Ross Parkway,MLS® W10426408
79 Warwick Castle Court,MLS® E10426404
231 Symington Avenue,MLS® W10426376
5 Stonedene Boulevard,MLS® C10426382
102-5131 Sheppard Avenue E,MLS® E10426378
405-525 Wilson Avenue,MLS® C10426390
159 Cortleigh Boulevard,MLS® C10426361
702-20 Forest Manor Road,MLS® C10426362
817-210 Victoria Street,MLS® C10426340
510-41 Markbrook Lane,MLS® W10744791
1510-19 Western Battery Road,MLS® C10426304
115-16 Litchfield Court,MLS® W10426258
309-55 Regent Park Boulevard,MLS® C10426264
22 Carmichael Avenue,MLS® C10426238
18 Haig Avenue,MLS® E10426225
2101-60 Heintzman Street,MLS® W10426188
803-330 Adelaide Street E,MLS® C10426223
637-3 Everson Drive,MLS® C10426200
25-12 Dervock Crescent,MLS® C10426177
1A Alder Road,MLS® E10426179
2709-210 Victoria Street,MLS® C10426156
304-260 Seneca Hill Drive,MLS® C10426147
318-35 Hollywood Avenue,MLS® C10426121
408-17 Dundonald Street,MLS® C10426110
1 Blithfield Avenue,MLS® C10426078
129 Clansman Boulevard,MLS® C10426066
1813-1 Lee Centre Drive,MLS® E10426062
117-10 Bloorview Place,MLS® C10426076
14-43 Wild Ginger Way,MLS® C10426055
71 Riverwood Parkway,MLS® W10426060
17 Wintergreen Road,MLS® W10426056
PH10-18 Graydon Hall Drive,MLS® C10426029
17 Bisset Avenue,MLS® W10426012
415 Symington Avenue,MLS® W10426011
279 Reiner Road,MLS® C10425999
1008-327 King Street W,MLS® C10425966
3305-286 Town Centre Court,MLS® E10425654
47 Terrace Avenue,MLS® C10425973
28 Barker Avenue,MLS® W10425971
317-1 Michael Power Place,MLS® W10425936
406-3303 Don Mills Road,MLS® C10425956
202-32 Forest Manor Road,MLS® C10425948
498 Caledonia Road,MLS® W10425915
850 Danforth Road,MLS® E10425919
PH4-1328 Birchmount Road,MLS® E10425890
1711-330 Richmond Street W,MLS® C10425896
1004-560 Front Street W,MLS® C10425887
1607-40 Richview Road,MLS® W10425852
2206-90 Park Lawn Road S,MLS® W10425843
1206-25 Lower Simcoe Street,MLS® C10425855
103 Gloucester Street,MLS® C10425831
5301-100 Harbour Street W,MLS® C10425810
637-55 Stewart Street,MLS® C10425808
1311-10 York Street,MLS® C10425807
707-195 Bonis Avenue,MLS® E10425742
1910-20 Edward Street,MLS® C10425753
1108-10 Torresdale Avenue,MLS® C10425747
6 Wallbridge Court,MLS® C10425721
102 Seaton Street,MLS® C10425713
307-1100 Briar Hill Avenue,MLS® W10425696
812-10 Dean Park Road,MLS® E10425694
623-120 Dallimore Circle,MLS® C10425676
1205-5795 Yonge Street,MLS® C10425674
512W-36 Lisgar Street,MLS® C10425661
1019 Greenwood Avenue,MLS® E10425652
56 Sullivan Street,MLS® C10425638
3305-25 Town Centre Court,MLS® E10425654
606-219 Fort York Boulevard,MLS® C10425625
741-38 Iannuzzi Street,MLS® C10425624
200 Snowdon Avenue,MLS® C10425603
3 Blithfield Avenue,MLS® C10425572
824-10 Guildwood Parkway S,MLS® E10425584
2908-27 Mcmahon Drive,MLS® C10425564
311-2 Anndale Drive,MLS® C10425520
PH2606-225 Sackville Street,MLS® C10425511
405-1201 Steeles Avenue W,MLS® C10425487
1711-7 Carlton Street,MLS® C10425475
112 Stapleton Drive,MLS® W11190021
PH206-138 Downes Street,MLS® C10425463
PH63-60 Ann O'reilly Road,MLS® C10425461
1116-88 Blue Jays Way,MLS® C10425458
4106-28 Freeland Street,MLS® C10425457
14 Franklin Avenue,MLS® C10425451
1404-25 Sunrise Avenue,MLS® C10425446
42 Wilmont Drive,MLS® W10425441
TH15-6 Pirandello Street,MLS® C10425443
323 Douglas Avenue,MLS® C10425439
527-7 Smith Crescent,MLS® W10425440
4-1367 Neilson Road,MLS® E10425431
2117-5 Sheppard Avenue E,MLS® C10425424
1707-18 Sommerset Way,MLS® C10425419
10 Rowallan Drive,MLS® E10425396
608-68 Canterbury Place,MLS® C10425398
32 Sabrina Drive,MLS® W10425387
203 Medland Street,MLS® W10425379
2006-238 Simcoe Street,MLS® C10425382
908-65 Annie Craig Drive,MLS® W10425375
49 Orpington Crescent,MLS® W10425357
212 Alton Avenue,MLS® E10425360
12 Routliffe Lane,MLS® C10425369
4108-5 St. Joseph Street S,MLS® C10425364
42 Tiago Avenue,MLS® E10425343
26 Breadner Drive,MLS® W10425330
511-10 Old York Mills Road,MLS® C10425331
3311-125 Blue Jays Way,MLS® C10425289
13 Barfield Avenue,MLS® E10425248
3205-30 Gibbs Road,MLS® W10425212
2402-10 Bellair Street,MLS® C10425220
2101-22 Wellesley Street E,MLS® C10425215
6-5 Soudan Avenue,MLS® C10425008
8 Chipper Crescent,MLS® E10425187
2208-1900 Sheppard Avenue E,MLS® C10425186
PH704-399 Spring Garden Avenue,MLS® C10425156
PH 16-2020 Bathurst Street,MLS® C10425143
308-625 Queen Street E,MLS® E10425129
801-8 Tippett Road,MLS® C10425118
228 Donlands Avenue,MLS® E10425098
25 Windhill Crescent,MLS® W10425065
46-2012 Martin Grove Road,MLS® W10425054
1703-39 Annie Craig Drive,MLS® W10425051
129 Brookhaven Drive,MLS® W10425038
79 Weir Crescent,MLS® E10425027
79 Forest Grove Drive,MLS® C10425018
878-1 Greystone Walk Drive,MLS® E10425039
16-150 Pinery Trail,MLS® E10425003
511-3 Everson Drive,MLS® C10425028
1009-5 Soudan Avenue,MLS® C10425008
2508-88 Sheppard Avenue E,MLS® C10424974
59 Edinborough Crt,MLS® W10424971
8 Grackle Trail,MLS® E10424940
13-260 Twelfth Street,MLS® W10424917
804-3 Marine Parade Drive,MLS® W10424887
48 Gondola Crescent,MLS® E10424856
603-430 Roncesvalles Avenue,MLS® W10424869
809-77 Harbour Square W,MLS® C10424829
411 Main Street,MLS® E10929796
228 Dunvegan Road,MLS® C10424799
5 Terrington Court,MLS® C10424795
1811-501 St Clair Avenue W,MLS® C10424808
3408-16 Brookers Lane,MLS® W10424773
710-100 Dundalk Drive,MLS® E10424760
604-188 Cumberland Street,MLS® C10424761
711-170 Bayview Avenue,MLS® C10424755
65 Soudan Avenue,MLS® C10424724
2476 Islington Avenue,MLS® W10424702
LPH 01-10 Meadowglen Place,MLS® E10424727
702-205 Frederick Street,MLS® C10424735
2205-50 Wellesley Street E,MLS® C10424728
5504-180 University Avenue,MLS® C10424721
1901-195 Mccaul Street,MLS® C10424694
209-17 Zorra Street,MLS® W10424650
L06-73 Richmond Street W,MLS® C10424688
102-1690 Victoria Park Avenue,Office
36 Summerfield Crescent,MLS® C10424669
128 Shropshire Drive,MLS® W10424635
74 Mortimer Avenue,MLS® E10424648
1504-56 Annie Craig Drive,MLS® E10424617
321-451 The West Mall,MLS® W10424649
1701-60 Colborne Street,MLS® W10424612
46 Singleton Road,MLS® C10424636
33 Syracuse Crescent,MLS® E10424586
1101-736 Bay Street,MLS® E10424581
801-1 Strathgowan Avenue,MLS® C10424592
11 Ashton Manor,MLS® C10424571
504-1103 Leslie Street,MLS® W10424554
826-35 Bastion Street,MLS® C10424533
1103-123 Portland Street,MLS® C10424512
660 Crawford Street,MLS® C10424479
1202 Islington Avenue,MLS® C10424477
918 Ossington Avenue,MLS® W10424474
10 Haida Court,MLS® W10424469
428-38 The Esplanade,MLS® E10424450
903-560 Front Street W,MLS® C10424461
119-1496 Victoria Park Avenue,MLS® C10424425
204-123 Portland Street,MLS® C10424367
802-290 Adelaide Street W,MLS® C10424358
6 Harnish Crescent,MLS® C10424353
1301-10 Park Lawn Road,MLS® C10424359
2110-55 Regent Park Boulevard,MLS® W10424332
810-38 Widmer Street,MLS® C10424340
137 Benleigh Drive,MLS® C10424318
83 Lascelles Boulevard,MLS® C10424292
505A-275 Bamburgh Circle,MLS® E10424301
411-188 Cumberland Street,MLS® C10424288
2506-33 Mill Street,MLS® C10424258
708-168 King Street E,MLS® C10424255
254 Salem Avenue,MLS® W10424252
703-355 Bedford Park Avenue,MLS® C10424228
79 Chudleigh Avenue,MLS® C10424215
2 Buttercup Court,MLS® W10424181
38 Bevdale Road,MLS® C10424185
D9-108 Finch Avenue W,MLS® C10424172
404-2 Alexandra Boulevard,MLS® C10424171
478 Merton Street,MLS® C10424170
501-2045 Lake Shore Boulevard W,MLS® W10424126
501-2464 Weston Road,MLS® W10424093
1410-30 Thunder Grove,MLS® E10424141
2604-500 Sherbourne Street,MLS® C10424132
PH16-80 Vanauley Street,MLS® C10424120
607-250 Lawrence Avenue W,MLS® C10424117
49-5 William Jackson Way,MLS® W10424078
2014-1001 Bay Street,MLS® C10424057
69 Ashmount Crescent,MLS® W10424026
89 Cree Avenue,MLS® E10424023
703-55 De Boers Drive,MLS® W10423997
909-7 Lorraine Drive,MLS® C10424038
3 Myrna Lane,MLS® E10423995
4 Tredvalley Grove,MLS® E10423973
229 Craven Road,MLS® E10423969
2201-70 Forest Manor Road,MLS® C10423977
4906-2191 Yonge Street,MLS® C10423974
4703-35 Balmuto Street,MLS® C10423953
149 Glenwood Crescent,MLS® E10423943
101 Harewood Avenue,MLS® E10423909
3002-20 Bruyeres Mews,MLS® C10423898
1707-2020 Bathurst Street,MLS® C10423896
8-275 Van Dusen Boulevard,MLS® W10423858
901-100 Quebec Avenue,MLS® W10423785
203-195 Poplar Plains Road,MLS® C10423773
1604-20 Edward Street,MLS® C10423771
404 Horner Avenue,MLS® W10423775
1171 Roselawn Avenue,MLS® W10423766
244 Gowan Avenue,MLS® E10423755
4 Muskox Drive,MLS® E10423744
2510-1926 Lake Shore Boulevard W,MLS® W10423751
1310-55 Ontario Street,MLS® C10423768
2809-2 Sonic Way,MLS® C10423738
165 Armour Boulevard,MLS® C10423716
162 Abbeywood Trail,MLS® C10423698
105-7 Watkinson Avenue,MLS® W10423706
506-760 The Queensway S,MLS® W10423689
409-88 Alton Towers Circle,MLS® E10423686
TH05-101 Erskine Avenue,MLS® C10423692
428-12 Douro Street,MLS® C10423678
34-79 Elder Avenue,MLS® W10423687
340 Mortimer Avenue,MLS® E10423622
411-10 De Boers Drive,MLS® W10423634
205-2550 Lawrence Avenue E,MLS® E10423612
818-323 Richmond Street E,MLS® C10423608
121-7 Kenaston Gardens,MLS® C10423588
27 Cameo Crescent,MLS® W10423559
35 Daniellie Moore Circle,MLS® E10423571
2107-1 Palace Pier Court,MLS® W10423563
205 Lawlor Avenue,MLS® E10423545
212-5 Richgrove Drive,MLS® W10423536
48 Shaftesbury Avenue,MLS® C10423531
9 Joseph Salsberg Lane,MLS® C10423528
193 Brickworks Lane,MLS® W10423507
3721-28 Widmer Street,MLS® C10423485
420-270 Dufferin Street,MLS® W10423482
51-5 William Jackson Way,MLS® W10423475
712-159 Dundas Street N,MLS® C10423473
86 Farm Green Way,MLS® C10423460
73 Darnborough Way,MLS® E10423456
78 Ashridge Drive,MLS® E10423447
413-600 Fleet Street W,MLS® C10423453
1201-195 Redpath Avenue,MLS® C10423446
808-5180 Yonge Street,MLS® C10423442
PH120-460 Adelaide Street E,MLS® C10423433
110 Allenby Avenue,MLS® W10423429
76 Highhill Drive,MLS® E10423421
3306-14 York Street,MLS® C10423422
418-150 Sudbury Street,MLS® C10423417
425 Cranbrooke Avenue,MLS® C10423400
2103-50 Brian Harrison Way,MLS® E10423367
681 Scarlett Road,MLS® W10423384
98 Lillian Street,MLS® C10423381
208 Holmes Avenue,MLS® C10423378
46 Craigmore Crescent,MLS® C10423372
718-30 Meadowglen Place,MLS® E10423371
2103-60 Brian Harrison Way,MLS® E10423367
2201-158 Front Street E,MLS® C10423350
824-231 Fort York Boulevard,MLS® C10423346
1004-125 George Appleton Way,MLS® W10423321
1517-87 Peter Street,MLS® C10423323
TH5-118 Finch Avenue,MLS® C10423319
671A-671 Browns Line,MLS® W10423299
2963 Dundas Street W,MLS® W10423287
906-47 Mutual Street,MLS® C10423296
704-25 Neighbourhood Lane,MLS® W10423264
301-200 Manitoba Street,MLS® W10423186
1220-460 Adelaide Street E,MLS® C10423112
1116-211 Queens Quay West,MLS® C10423052
1103-45 Charles Street E,MLS® C10423043
709-2191 Yonge Street,MLS® C10422990
108-37 Four Winds Drive,MLS® W10422948
3606-575 Bloor Street E,MLS® C10422946
540 Gladstone Avenue,MLS® W10422933
2310-2000 Islington Avenue,MLS® W10422871
201-369 Sorauren Avenue,MLS® W10422868
3905-117 Mcmahon Drive,MLS® C10422853
303-18 Pemberton Avenue,MLS® C10422835
302-99 Foxbar Road,MLS® C10422826
3308-99 Broadway Avenue,MLS® C10422824
501 Palmerston Boulevard,MLS® C10422818
919-38 Joe Shuster Way,MLS® W10422817
28A Third Street,MLS® W10422790
1205-6 Eva Road,MLS® W10422778
1909-88 Alton Towers Circle,MLS® E10422776
327-25 Carlton Street,MLS® C10422779
469 Pape Avenue,MLS® E10422770
704-1900 Lake Shore Boulevard W,MLS® W10422763
921-543 Richmond Street W,MLS® C10422765
48 Dubray Avenue,MLS® W10422710
293 Chaplin Crescent,MLS® C10422714
2405-36 Zorra Street,MLS® W10422702
407-10 Meadowglen Place,MLS® E10422691
8-232 St George Street,MLS® C10422713
63 Vauxhall Drive,MLS® E10422696
69 Laing Street,MLS® E10439444
74 Natal Avenue,MLS® E10422644
TH1-220 George Street,MLS® C10422665
512-55 East Liberty,MLS® C10422661
B141-35 Mariner  Ter Pk Spot,MLS® C10422648
1401-55 Charles Street E,MLS® C10422647
1-130 Clinton Street,MLS® C10422634
1109-2645 Kipling Avenue W,MLS® W10422619
601-115 Antibes Drive,MLS® C10422627
8 Lovilla Boulevard,MLS® W10422603
32 Farley Crescent,MLS® W10422591
31 Taunton Road,MLS® C10422575
5-40 Mendelssohn Street W,MLS® E10422597
3036-68 Corporate Drive,MLS® E10422593
612-3237 Bayview Avenue,MLS® C10422595
105-39 Pemberton Avenue,MLS® C10422569
114-371 Orton Park Road,MLS® E10422538
2114-158 Front Street,MLS® C10422547
605-55 Delisle Avenue,MLS® C10422536
1803-100 Harrison Garden Boulevard,MLS® C10422527
352 Vaughan Road,MLS® C10422523
354 Vaughan Road,MLS® C10422522
350 Vaughan Road,MLS® C10422521
350-354 Vaughan Road,MLS® C10422519
716-20 Dean Park Road,MLS® E10422518
4105-327 King Street W,MLS® C10422514
1908-16 Yonge Street,MLS® C10422504
608-68 Merton Street,MLS® C10422496
70 Don River Boulevard,MLS® C10422488
88 Alcorn Avenue,MLS® C10422461
1105-2067 Lake Shore Boulevard W,MLS® W10422462
4308-8 Eglinton Avenue E,MLS® C10422455
613 Old Weston Road,MLS® W10422452
169 Parkhurst Boulevard,MLS® C10422450
54-175 Trudelle Street,MLS® E10422431
67 Latimer Avenue,MLS® C10422413
17 Chapais Crescent,MLS® E10422400
2-7 Warwick Avenue,MLS® C10422396
1104-270 Dufferin Street,MLS® W10422394
939-18 Mondeo Drive,MLS® E10422405
6 Neelands Crescent,MLS® E10422380
1004-10 Park Lawn Road,MLS® W10930045
LPH14-270 Dufferin Street,MLS® W10422347
TH01-175 Bonis Avenue S,MLS® E10422362
928-251 Jarvis Street,MLS® C10422348
70 Watney Crescent,MLS® W10422357
26 Dellbrook Crescent,MLS® W10422330
1001-30 Old Mill Road,MLS® W10422319
1009-714 The West Mall W,MLS® W10422314
48-651F Warden Avenue,MLS® E10422312
3307-195 Redpath Avenue,MLS® C10422313
61 Dane Avenue,MLS® W10422301
1408-725 Don Mills Road,MLS® C10422277
2501-77 Shuter Street,MLS® C10422262
94 Meighen Avenue,MLS® E10422247
59 Covewood Street,MLS® C10422266
186 Silverthorn Avenue,MLS® W10422236
803-25 Neighbourhood Lane,MLS® W10422240
208-25 Neighbourhood Lane,MLS® W10422238
713-25 Neighbourhood Lane,MLS® W10422237
3202-8 York Street,MLS® C10422255
1028-125 Omni Drive,MLS® E10422221
316-60 Southport Street,MLS® W10422173
627-150 Logan Avenue,MLS® E10422172
413-835 St Clair Avenue W,MLS® C10422185
1507-60 Pavane Linkway,MLS® C10422177
18 Epsom Avenue,MLS® E10422157
1103-10 Dean Park Road,MLS® E10422120
1001-10 Yonge Street,MLS® C10422134
3909-11 Wellesley Street W,MLS® C10422129
417 East Avenue E,MLS® E10422099
903-1103 Leslie Street,MLS® C10422112
8 Park Hill Road,MLS® C10422091
15 Wantanopa Crescent,MLS® E10422081
48 Lockwood Road,MLS® E10422078
80 Shandon Drive,MLS® E10422066
20 Elkpath Avenue,MLS® C10422072
811-33 Shore Breeze Drive,MLS® W10422056
219-365 Beech Avenue,MLS® E10422041
3503-290 Adelaide Street W,MLS® C10422068
48 Ardgowan Crescent,MLS® E10422048
118 High Park Avenue,MLS® W10422022
2034-3043 Finch Avenue,MLS® W10422039
521-255 The Donway W,MLS® C10422008
1602-10 Deerlick Court,MLS® C10422005
48D Crawford Street,MLS® C10421989
132 Meadowbank Road,MLS® W10422004
740 Lansdowne Avenue,MLS® W10421975
28 Wuthering Heights Road,MLS® E10421986
13 Old Forest Hill Road,MLS® C10421959
GPH3-8 Widmer Street,MLS® C10421979
1104-55 Charles Street E,MLS® C10421978
322-500 Richmond Street W,MLS® C10421968
1014-20 Minowan Miikan Lane,MLS® C10421957
4005-319 Jarvis Street,MLS® C10421951
127 Weir Crescent,MLS® E10421953
258 Byng Avenue E,MLS® C10421915
150-83 Mondeo Drive,MLS® E10421912
104-225 The Donway W,MLS® C10421918
1510-35 Hayden Street E,MLS® C10421895
305-125 Redpath Avenue,MLS® C10421884
100 Rusty Crestway,MLS® C10421883
206 Brandon Avenue,MLS® W10421856
21 Cambridge Avenue,MLS® E10421859
515-150 Logan Avenue,MLS® E10421864
221-251 Jarvis Street,MLS® C10421861
1511-70 Temperance Street,MLS® C10421838
354 Ranee Avenue,MLS® W10421807
20 Martindale Road,MLS® E10421812
20 Linwood Avenue,MLS® E10421809
509-270 Dufferin Street,MLS® W10421795
2607-327 King Street W,MLS® C10421810
7B Clintwood Gate,MLS® C10421759
3402-2045 Lake Shore Boulevard W,MLS® W10421752
1222-75 Bamburgh Circle,MLS® E10421735
PH02-1048 Broadview Avenue,MLS® E10421730
503-75 Dalhousie Street,MLS® C10421758
405-2464 Weston Road,MLS® W10421659
607-5 Rosehill Avenue,MLS® C10421677
149 Sharpecroft Boulevard,MLS® W10421654
24 Masseygrove Crescent,MLS® W10421642
39 Eastport Drive,MLS® E10421648
61 Westmount Avenue,MLS® C10421640
18-73 Driftwood Avenue,MLS® W10421620
2110-5229 Dundas Street W,MLS® W10421613
1101-100 Hayden Street,MLS® C10421629
311 Holmes Avenue,MLS® C10421593
1102-20 Laidlaw Street,MLS® W10421592
408-155 Legion Road N,MLS® W10421587
611-18 Harrison Garden Boulevard,MLS® C10421590
311-628 Fleet Street,MLS® C10421566
S319-120 Bayview Avenue,MLS® C10421561
37 Holley Avenue,MLS® W10421557
3 Langevin Crescent,MLS® E10421556
409-3 Rowntree Road,MLS® W10421544
76 Dalegrove Crescent,MLS® W10421542
818-1 Bedford Road,MLS® C10421537
TH1-51 Florence Street,MLS® C10421523
3 Marigold Avenue,MLS® E10421517
73 Pettibone Square,MLS® E10421516
PH01-23 Rean Drive,MLS® C10421518
4011-395 Bloor Street E,MLS® C10421513
UNIT 12-57 Finch Avenue W,MLS® C10421511
905-10 Dean Park Road,MLS® E10421501
2004-18 Graydon Hall Drive,MLS® C10421492
4610-138 Downes Street,MLS® C10421489
3203-180 University Avenue,MLS® C10421420
1204-55 Harrison Garden Boulevard,MLS® C10421416
241 Derrydown Road,MLS® W10421365
501-135 Canon Jackson Drive,MLS® W10421364
820-181 Village Green Square,MLS® E10421354
161 August Avenue,MLS® E10421336
5-205 Bonis Avenue,MLS® E10421331
1004-25 Neighbourhood Lane,MLS® W10421326
622-859 The Queensway,MLS® W10421320
1906-55 East Liberty Street,MLS® C10421319
UPH106-797 Don Mills Road,MLS® C10421317
34 North Woodrow Boulevard,MLS® E10421306
PH17-2111 Lake Shore Boulevard W,MLS® W10421309
206-5 Greystone Walk Drive,MLS® E10421297
2502-195 Wynford Drive,MLS® C10421299
54 Flintridge Road,MLS® E10421301
702-30 Samuel Wood Way W,MLS® W10421293
2410-5500 Yonge Street,MLS® C10421256
318-60 Tannery Road,MLS® 40676866
97 Chelliah Court,MLS® E10421227
318-60 Tannery Road W,MLS® C10421232
314-377 Madison Avenue,MLS® C10421212
10 Dumfrey Road,MLS® E10421183
806-2625 Dundas Street W,MLS® W10421175
3611-161 Roehampton Avenue,MLS® C10421160
621-8 Tippett Road,MLS® C10421157
SPH22-600 Queens Quay W,MLS® C10421148
151 Highland Crescent,MLS® C10421145
59 Major Street,MLS® C10421127
703-238 Albion Road,MLS® W10421120
2405-30 Meadowglen Place,MLS® E10421122
55 Cocksfield Avenue,MLS® C10421105
63 Cleveland Street,MLS® C10421098
51 Hertle Avenue,MLS® E10421084
1104-18 Yorkville Avenue,MLS® C10421079
6604-100 Harbour Street,MLS® C10421052
525 Adelaide Street W,MLS® C10421043
18 Hummingbird Drive,MLS® E10421019
27 Strathmore Boulevard,MLS® E10421016
97 Cleta Drive,MLS® E10421015
525 Adelaide Street W,MLS® C10421043
705-311 Richmond Street E,MLS® C10420995
2303-30 Inn On The Park Drive,MLS® C10420981
48 Denver Crescent,MLS® C10420998
524-859 The Queensway,MLS® W10420961
702-30 Tretti Way,MLS® C10420965
99 Yardley Avenue,MLS® E10420951
201-181 Davenport Road,MLS® C10420943
1005-50 Ann O Reilly Road,MLS® C10420935
302-346 Davenport Road,MLS® C10420928
PH-F-7 Broadway Avenue,MLS® C10420912
616-455 Rosewell Avenue,MLS® C10420902
77A Ernest Avenue S,MLS® C10420892
1803-1926 Lake Shore Boulevard W,MLS® W10420870
621-20 Minowan Miikan Lane,MLS® C10420890
43 Tamarisk Drive,MLS® W10420887
713-1808 St Clair Avenue W,MLS® W10420846
307-689 The Way,MLS® W10420839
1504-10 Bellair Street,MLS® C10420835
204-308 Jarvis Street,MLS® C10420831
1-161 Frederick Tisdale Drive,MLS® W10420822
901-10 Martha Eaton Way,MLS® W10420815
702-20 Gothic Avenue,MLS® W10420792
610-10 Dean Park Road,MLS® E10420806
306-47 St Clair Avenue W,MLS® C10420790
322-308 Jarvis Street,MLS® C10420784
58 Harding Avenue,MLS® W10420800
245 Withrow Avenue,MLS® E10420791
148 Caledonia Road,MLS® W10420780
102-300 Manitoba Street,MLS® W10420765
2810-5 Massey Square,MLS® E10420750
902-29 Queens Quay E,MLS® C10420761
1082 Glencairn Avenue,MLS® W10420742
1501-57 St Joseph Street,MLS® C10420743
705-85 East Liberty Street,MLS® C10420741
205-33 Parliament Street,MLS® C10420729
174 Lisgar Street,MLS® C10420730
709-1328 Birchmount Road,MLS® E10420693
301-28 Avondale Avenue,MLS® C10420704
301-1350 York Mills Road,MLS® C10420703
3201-33 Parliament Street,MLS® C10420696
1304-225 Sackville Street,MLS® C10420688
48B Maybourne Avenue,MLS® E10420691
44 Fifeshire Road,MLS® C10420665
606E-576 Front Street W,MLS® C10420644
310 Pharmacy Avenue,MLS® E10420641
124 Scarboro Avenue,MLS® E10420635
393 Ossington Avenue,MLS® C10420642
39-15 William Jackson Way S,MLS® W10420637
806-37 Grosvenor Street,MLS® C10420623
5 Stratheden Road,MLS® C10420630
404-3050 Ellesmere Road,MLS® E10420612
4203-50 Old Kingston Road,MLS® E10420596
505-1048 Broadview Avenue,MLS® E10420592
1207-3311 Kingston Road,MLS® E10420587
411-105 George Street,MLS® C10420615
206-88 Davenport Road,MLS® C10420604
2503-426 University Avenue,MLS® C10420593
134 Pendrith Street,MLS® W10420584
703-188 Fairview Mall Drive,MLS® C10420580
LPH17-160 Vanderhoof Avenue,MLS® C10420562
15 Burlington Street,MLS® W10420574
179 Burndale Avenue,MLS® C10420556
39 Stanwood Crescent,MLS® W10420571
PH3604-59 Annie Craig Drive,MLS® W10420530
6 Eva Road,MLS® W10420528
PH104-18 Hillcrest Avenue,MLS® C10420538
515-22 Leader Lane,MLS® C10420535
3312-275 Yorkland Road,MLS® C10420526
611-10 Oak Street,MLS® C10420522
933-20 Inn On The Park Drive,MLS® C10420514
2B-2010 Bathurst Street,MLS® C10420485
33 Madison Avenue,MLS® C10420484
607-228 Bonis Avenue,MLS® E10420460
2603-1 King Street W,MLS® C10420470
PH101-30 Nelson Street,MLS® C10420468
3101-6 Sonic Way,MLS® C10420465
516-33 Empress Avenue,MLS® C10420457
420-5 Defries Street,MLS® C10420444
189 Old Yonge Street,MLS® C10420446
218-3220 Sheppard Avenue E,MLS® E10420414
23-5 St. Joseph Street,MLS® C10420429
N904-116 George Street,MLS® C10420421
306-1387 Bayview Avenue,MLS® C10420418
611-15 Ellerslie Avenue,MLS® C10420393
287 Apache Trail,MLS® C10420360
1006-3091 Dufferin Street,MLS® W10420371
801-1410 Dupont Street,MLS® W10420358
205-168 Bonis Avenue,MLS® E10420349
305-23 Brant Street,MLS® C10420366
216-225 Wellesley Street E,MLS® C10420357
2010-4968 Yonge Street,MLS® C10420351
601-16 Harrison Garden Boulevard,MLS® C10420339
C-39-25 Broadway Avenue,MLS® C10420329
10 Harbourview Crescent,MLS® W10420333
47 Boyce Avenue,MLS® E10420290
201-5 Frith Road,MLS® W10420273
208-99 Blackwell Avenue,MLS® E10420282
101 Elnathan Crescent,MLS® W10420279
422-628 Fleet Street,MLS® C10420259
217-70 Forest Manor Road,MLS® C10420253
1907-25 Broadway Avenue,MLS® C10420217
701-225 Wellesley Street E,MLS® C10420210
